account,account_value,classification,classification_reasons,closed_count,closed_realized_sum,current_position_cost,current_position_count,current_position_value,data_source,dominant_fill_coin,dominant_fill_share,excluded,fee_bps_recent,fees_recent,fill_coin_count,fill_count_capped_at_2000,fill_count_recent,fill_dirs,fill_end,fill_notional_recent,fill_start,join_date,largest_win,largest_win_to_pnl,margin_used,market,name,negative_risk_count_sample,not_trade_recommended,pnl_all_time,pnl_month,pnl_per_volume,position_count,position_notional,position_upnl,rank,roi_all_time,roi_month,top_closed_outcome,top_closed_realized,top_closed_share_of_positive_closed,top_closed_title,top_position_coin,top_position_leverage,top_position_share,top_position_value,trade_count,unique_event_count_sample,volume_month
0x095fbca2e0eaf0c9841005135427e1e0117190b2,,A_pm_large_event_bet,low trade count or concentrated closed wins; high largestWin/PnL; high PnL/volume,6,3374529.655125,106374.4579,1,0.0,fresh_api:local_sample_detail,,,False,,,,,,,,,,2026-06-09T08:20:51.895000Z,2396970.380175,0.763109,,polymarket,muchobliged,0,True,,3141057.026554,0.43018607,,,,1,,,Over,2396970.380175,0.710312,England vs. DR Congo: O/U 2.5,,,,,7,6,7301624.277016
0x0346afae2603313d2bbee96b628536c8cbe352a5,,B_pm_hf_mm_arb,very high trade count; broad/current position footprint; low-to-moderate PnL/volume consistent with spread or microstructure edge; largest win still large; verify not a single-event artifact,30,8666454.129639,490969.896,100,491306.2577,fresh_api:local_sample_detail,,,False,,,,,,,,,,2026-04-21T03:32:56.075000Z,938349.898755,1.345879,,polymarket,GoalLineGhost,0,True,,697202.085472,0.07207645,,,,2,,,Yes,938349.898755,0.108274,Will United States win on 2026-06-12?,,,,,11319,100,9673091.133951
0x84cfffc3f16dcc353094de30d4a45226eccd2f63,,B_pm_hf_mm_arb,very high trade count; broad/current position footprint; low-to-moderate PnL/volume consistent with spread or microstructure edge; largest win still large; verify not a single-event artifact,30,9349861.493265,1256952.4578,100,1372225.4339,fresh_api:local_sample_detail,,,False,,,,,,,,,,2026-04-24T13:17:50.795000Z,880905.98618,1.350905,,polymarket,mooseborzoi,0,True,,652085.853679,0.0497436,,,,3,,,Spurs,880905.98618,0.094216,Spurs vs. Thunder,,,,,8672,100,13108939.437532
0x204f72f35326db932158cba6adff0b9a1da95e14,,B_pm_hf_mm_arb,very high trade count; broad/current position footprint; low-to-moderate PnL/volume consistent with spread or microstructure edge; largest win still large; verify not a single-event artifact,30,13623422.366107,1451727.3289,100,1453280.7774,fresh_api:local_sample_detail,,,False,,,,,,,,,,2025-07-29T10:46:06.105000Z,1171844.90857,1.900341,,polymarket,swisstony,0,True,,616649.954979,0.01823495,,,,4,,,No,1171844.90857,0.086017,Will Germany win on 2026-06-25?,,,,,132621,100,33816933.641712
0x709e8dcb133555794decc598e07f2c923b8366f5,,F_anomaly_or_unclear_excluded,does not cleanly meet A/B/C thresholds,30,7899706.656356,2551242.5817,21,1338133.0,fresh_api:local_sample_detail,,,True,,,,,,,,,,2026-04-02T19:48:36.025000Z,613282.059582,1.157863,,polymarket,0xd4aa6f8e91cfea29b66a48ebff52814,0,True,,529667.261448,0.16856324,,,,5,,,Yes,613282.059582,0.077634,Will France win on 2026-06-26?,,,,,252,30,3142246.633786
0x83720820a8aa6c3f20ad71850e7a1a17d16c5223,,F_anomaly_or_unclear_excluded,does not cleanly meet A/B/C thresholds,30,3121347.011033,2375819.7261,57,661853.7198,fresh_api:local_sample_detail,,,True,,,,,,,,,,2024-07-22T14:04:48.488000Z,474539.538006,0.911783,,polymarket,Jsram,0,True,,520452.48078,0.18009136,,,,6,,,Yes,474539.538006,0.15203,Belgium vs. Senegal: Both Teams to Score,,,,,145,57,2889935.901201
0x67542c3219b37fd1610aad290676ff91cdbfe3bc,,F_anomaly_or_unclear_excluded,does not cleanly meet A/B/C thresholds,30,6149630.425254,256956.0625,1,0.0,fresh_api:local_sample_detail,,,True,,,,,,,,,,2026-06-11T13:58:50.837000Z,1248667.296333,2.987254,,polymarket,maz26,0,True,,417998.353153,0.08086769,,,,7,,,Yes,1248667.296333,0.203048,Will Belgium vs. Senegal end in a draw?,,,,,126,30,5168916.511168
0x7c1ee865a785de4c00ee90ed86a38489fb8bbab3,,C_pm_midfreq_selective,mid-range trade count; multiple sampled markets; not entirely single-win dominated,30,3678894.890248,3934063.4088,74,17080.8346,fresh_api:local_sample_detail,,,False,,,,,,,,,,2026-06-09T16:59:25.907000Z,241000.12385,0.609555,,polymarket,CandleHammerDrums,0,True,,395370.664559,0.19072738,,,,8,,,No,241000.12385,0.065509,Will Belgium win on 2026-07-01?,,,,,146,74,2072962.298134
0x9ee8bbc36d378af72e5f6b8e2ea2eb67c05a89de,,A_pm_large_event_bet,low trade count or concentrated closed wins; high largestWin/PnL; high PnL/volume,19,3761559.129775,2363108.3088,20,12253.2698,fresh_api:local_sample_detail,,,False,,,,,,,,,,2026-06-20T14:10:14.767000Z,1131231.70905,2.942828,,polymarket,Qpkwks,0,True,,384402.966165,0.20253641,,,,9,,,No,1131231.70905,0.300735,Will England win on 2026-06-23?,,,,,36,20,1897945.02216
0xfea31bc088000ff909be1dfd8d0e3f2c7ef2d227,,B_pm_hf_mm_arb,very high trade count; broad/current position footprint; largest win still large; verify not a single-event artifact,30,7158187.177476,5116235.9781,97,4811030.747,fresh_api:local_sample_detail,,,False,,,,,,,,,,2026-03-25T22:51:51.852000Z,756956.454809,2.037042,,polymarket,ndb1,0,True,,371595.865135,0.20479493,,,,10,,,No,756956.454809,0.105747,Will Arsenal win the 2025–26 Champions League?,,,,,1689,97,1814477.833015
0x349606c1b77f3ba668879cbc9347f15a44cf8fc4,,F_anomaly_or_unclear_excluded,does not cleanly meet A/B/C thresholds,30,7122878.071848,2059110.7668,19,0.0,fresh_api:local_sample_detail,,,True,,,,,,,,,,2026-05-14T09:10:18.569000Z,1157508.619424,3.632608,,polymarket,skk1ch,0,True,,318643.953225,0.085074,,,,11,,,Over,1157508.619424,0.162506,Senegal vs. Iraq: O/U 3.5,,,,,188,30,3745491.692678
0xa49becb692927d455924583b5e3e5788246f4c40,,B_pm_hf_mm_arb,very high trade count; broad/current position footprint; largest win still large; verify not a single-event artifact,30,5814182.102942,322704.8222,4,321448.6032,fresh_api:local_sample_detail,,,False,,,,,,,,,,2024-11-15T18:49:08.368000Z,526644.998489,1.906378,,polymarket,sleepy-panda,0,True,,276254.22588,0.25024506,,,,12,,,Yes,526644.998489,0.090579,Will Real Madrid CF win on 2026-03-17?,,,,,5432,30,1103934.802879
0x924379a79c64b77ad5816ad362122a5f6228658e,,F_anomaly_or_unclear_excluded,does not cleanly meet A/B/C thresholds,30,3637584.745795,4121386.2898,77,536467.2612,fresh_api:local_sample_detail,,,True,,,,,,,,,,2026-06-09T10:33:14.162000Z,370999.426589,1.419629,,polymarket,Kch-Temp,0,True,,261335.495052,0.2584585,,,,13,,,Under,370999.426589,0.101991,Belgium vs. IR Iran: O/U 2.5,,,,,159,77,1011131.36863
0x9f2fe025f84839ca81dd8e0338892605702d2ca8,,F_anomaly_or_unclear_excluded,does not cleanly meet A/B/C thresholds,30,13757827.870016,0.0,0,0.0,fresh_api:local_sample_detail,,,True,,,,,,,,,,2026-04-01T02:03:57.485000Z,873824.708291,3.435449,,polymarket,surfandturf,0,True,,254355.278075,0.06660843,,,,14,,,Justin Gaethje,873824.708291,0.063515,"UFC Freedom 250: Justin Gaethje vs. Ilia Topuria (Lightweight, Main Card)",,,,,379,30,3818665.145365
0x5c3a1a602848565bb16165fcd460b00c3d43020b,,B_pm_hf_mm_arb,very high trade count; broad/current position footprint; largest win still large; verify not a single-event artifact,30,4058786.381817,1571108.4581,41,19439.1611,fresh_api:local_sample_detail,,,False,,,,,,,,,,2026-01-18T17:45:10.041000Z,329669.067457,1.304056,,polymarket,Crystiano,0,True,,252802.795199,0.12712524,,,,15,,,Argentina,329669.067457,0.081224,Spread: Argentina (-1.5),,,,,1507,41,1988612.113246
0x5257aa84944804bbb0c718814ebebeeafaca3e2a,,F_anomaly_or_unclear_excluded,does not cleanly meet A/B/C thresholds,30,1909101.799525,0.0,0,0.0,fresh_api:local_sample_detail,,,True,,,,,,,,,,2026-04-28T17:56:51.840000Z,281214.278031,1.115535,,polymarket,NO-GOD-PLEASE-NO,0,True,,252089.172986,0.17444992,,,,16,,,No,281214.278031,0.147302,Will Belgium win on 2026-07-01?,,,,,168,30,1445051.851213
0x5e9458202b5817a72cf81105ec8a30e6f3705ba1,,C_pm_midfreq_selective,mid-range trade count; multiple sampled markets; not entirely single-win dominated,30,2899285.248581,0.0,0,0.0,fresh_api:local_sample_detail,,,False,,,,,,,,,,1969-12-31T19:00:00.000000Z,122222.097499,0.495093,,polymarket,,0,True,,246867.181917,0.20106214,,,,17,,,Over,122222.097499,0.042156,Chicago Cubs vs. Milwaukee Brewers: O/U 7.5,,,,,131,30,1227815.351296
0xf5fabdcdc6eb6d9765a228824f16cca9c91f62df,,F_anomaly_or_unclear_excluded,does not cleanly meet A/B/C thresholds,6,308380.553046,164017.9696,2,153089.505,fresh_api:local_sample_detail,,,True,,,,,,,,,,2026-06-02T11:33:15.135000Z,103090.160469,0.427591,,polymarket,palegrit,0,True,,241095.133826,0.1656511,,,,18,,,Jenson Brooksby,103090.160469,0.334295,Wimbledon ATP: Jenson Brooksby vs Ignacio Buse,,,,,8,6,1455439.387245
0x032eb1bc893940263ad0b01889f262fc232f2a9e,,B_pm_hf_mm_arb,very high trade count; broad/current position footprint; largest win still large; verify not a single-event artifact,30,2036182.51801,139719.9883,100,141824.5764,fresh_api:local_sample_detail,,,False,,,,,,,,,,2026-05-13T11:11:26.566000Z,210120.167465,0.900158,,polymarket,purplegatto,0,True,,233425.989469,0.12944764,,,,19,,,Yes,210120.167465,0.103193,Will South Africa win on 2026-06-24?,,,,,4995,100,1803246.362351
0xc41d736bded9ed1accd6a44235039266219774fd,,F_anomaly_or_unclear_excluded,does not cleanly meet A/B/C thresholds,30,5137838.020236,4241771.409,100,0.4814,fresh_api:local_sample_detail,,,True,,,,,,,,,,2026-04-25T03:15:52.833000Z,559590.864833,2.456399,,polymarket,0xC41D736bDed9ED1acCD6A44235039266219774fD-1777101352681,0,True,,227809.398149,0.15564402,,,,20,,,No,559590.864833,0.108916,Will Germany win on 2026-06-29?,,,,,202,100,1463656.615328
0x32b484581fc5606de9c1e43af4636b6be9bc8b21,,F_detail_pending_excluded,top50 leaderboard row read; per-account public detail deferred to deep-dive sessions,0,0,0,0,0,fresh_api:leaderboard_only_detail_pending,,,True,,,,,,,,,,,0.0,0.0,,polymarket,0x32b484581fc5606dE9C1e43AF4636b6Be9BC8B21-1774274303653,0,True,,222829.966947,0.05008496,,,,21,,,,0.0,0.0,,,,,,0,0,4449039.328714
0x2005d16a84ceefa912d4e380cd32e7ff827875ea,,F_detail_pending_excluded,top50 leaderboard row read; per-account public detail deferred to deep-dive sessions,0,0,0,0,0,fresh_api:leaderboard_only_detail_pending,,,True,,,,,,,,,,,0.0,0.0,,polymarket,RN1,0,True,,199174.962625,0.01629697,,,,22,,,,0.0,0.0,,,,,,0,0,12221594.247055
0x28059b3fb7af7ed76d83dc9121bbb72ec7cf76ed,,F_detail_pending_excluded,top50 leaderboard row read; per-account public detail deferred to deep-dive sessions,0,0,0,0,0,fresh_api:leaderboard_only_detail_pending,,,True,,,,,,,,,,,0.0,0.0,,polymarket,RISK-IS-NEVER-OK,0,True,,187275.1228,0.42964561,,,,23,,,,0.0,0.0,,,,,,0,0,435882.780503
0x53757615de1c42b83f893b79d4241a009dc2aeea,,F_detail_pending_excluded,top50 leaderboard row read; per-account public detail deferred to deep-dive sessions,0,0,0,0,0,fresh_api:leaderboard_only_detail_pending,,,True,,,,,,,,,,,0.0,0.0,,polymarket,,0,True,,182376.243152,0.10556206,,,,24,,,,0.0,0.0,,,,,,0,0,1727668.530036
0xa8e089ade142c95538e06196e09c85681112ad50,,F_detail_pending_excluded,top50 leaderboard row read; per-account public detail deferred to deep-dive sessions,0,0,0,0,0,fresh_api:leaderboard_only_detail_pending,,,True,,,,,,,,,,,0.0,0.0,,polymarket,Wannac,0,True,,179303.781153,0.13993751,,,,25,,,,0.0,0.0,,,,,,0,0,1281313.233584
0xdd882a70680633a75516f6ed5fce443e2d96dadb,,F_detail_pending_excluded,top50 leaderboard row read; per-account public detail deferred to deep-dive sessions,0,0,0,0,0,fresh_api:leaderboard_only_detail_pending,,,True,,,,,,,,,,,0.0,0.0,,polymarket,MeiGuNiuBi,0,True,,179207.78906,0.21679439,,,,26,,,,0.0,0.0,,,,,,0,0,826625.575408
0x7d787c72c8317046fda90814a93c87fc192529a5,,F_detail_pending_excluded,top50 leaderboard row read; per-account public detail deferred to deep-dive sessions,0,0,0,0,0,fresh_api:leaderboard_only_detail_pending,,,True,,,,,,,,,,,0.0,0.0,,polymarket,MD14,0,True,,167036.66017,0.27911747,,,,27,,,,0.0,0.0,,,,,,0,0,598445.739564
0x83255595ba1fadd2e734cb30a0fb8110301a19cc,,F_detail_pending_excluded,top50 leaderboard row read; per-account public detail deferred to deep-dive sessions,0,0,0,0,0,fresh_api:leaderboard_only_detail_pending,,,True,,,,,,,,,,,0.0,0.0,,polymarket,Mind.The.Gap,0,True,,166921.347987,0.05645872,,,,28,,,,0.0,0.0,,,,,,0,0,2956520.039354
0x37ee3bceb4fbf028fb90d1463a4a5354da02f86f,,F_detail_pending_excluded,top50 leaderboard row read; per-account public detail deferred to deep-dive sessions,0,0,0,0,0,fresh_api:leaderboard_only_detail_pending,,,True,,,,,,,,,,,0.0,0.0,,polymarket,0x37ee3BCEb4fBf028fb90D1463A4a5354Da02f86F-1781205947489,0,True,,143750.152679,0.00810402,,,,29,,,,0.0,0.0,,,,,,0,0,17738119.059189
0x4bff30af91642dc7d2b19a8664378fe55c45fc26,,F_detail_pending_excluded,top50 leaderboard row read; per-account public detail deferred to deep-dive sessions,0,0,0,0,0,fresh_api:leaderboard_only_detail_pending,,,True,,,,,,,,,,,0.0,0.0,,polymarket,Sassy-Bucket,0,True,,138861.365306,0.07603263,,,,30,,,,0.0,0.0,,,,,,0,0,1826339.084219
0xc29e1cef4256f423e5a3e713d886bd25f98da2ca,,F_detail_pending_excluded,top50 leaderboard row read; per-account public detail deferred to deep-dive sessions,0,0,0,0,0,fresh_api:leaderboard_only_detail_pending,,,True,,,,,,,,,,,0.0,0.0,,polymarket,shutitfatty,0,True,,135223.059161,0.17279394,,,,31,,,,0.0,0.0,,,,,,0,0,782568.31
0xe0ac9addc56c19e771a0524f5d172af4d7a476ff,,F_detail_pending_excluded,top50 leaderboard row read; per-account public detail deferred to deep-dive sessions,0,0,0,0,0,fresh_api:leaderboard_only_detail_pending,,,True,,,,,,,,,,,0.0,0.0,,polymarket,quanterty,0,True,,132941.575351,0.09991268,,,,32,,,,0.0,0.0,,,,,,0,0,1330577.653325
0x37e053beabee77acc15e641dfe8e395b2b2d024e,,F_detail_pending_excluded,top50 leaderboard row read; per-account public detail deferred to deep-dive sessions,0,0,0,0,0,fresh_api:leaderboard_only_detail_pending,,,True,,,,,,,,,,,0.0,0.0,,polymarket,ChinesePro,0,True,,132595.841114,0.11169574,,,,33,,,,0.0,0.0,,,,,,0,0,1187116.371374
0xa6a872ded6039c17a9e5c81b706c04e76fbeba32,,F_detail_pending_excluded,top50 leaderboard row read; per-account public detail deferred to deep-dive sessions,0,0,0,0,0,fresh_api:leaderboard_only_detail_pending,,,True,,,,,,,,,,,0.0,0.0,,polymarket,eyeseethefuture,0,True,,131697.36995,0.12672112,,,,34,,,,0.0,0.0,,,,,,0,0,1039269.322001
0xa6d188fb70c2e2e9ad411c42c02379ed3020286a,,F_detail_pending_excluded,top50 leaderboard row read; per-account public detail deferred to deep-dive sessions,0,0,0,0,0,fresh_api:leaderboard_only_detail_pending,,,True,,,,,,,,,,,0.0,0.0,,polymarket,zhuz632,0,True,,123415.251434,0.21480098,,,,35,,,,0.0,0.0,,,,,,0,0,574556.276777
0xbc43c8bfbc4d77c2fc9011adad38ba43b88996d3,,F_detail_pending_excluded,top50 leaderboard row read; per-account public detail deferred to deep-dive sessions,0,0,0,0,0,fresh_api:leaderboard_only_detail_pending,,,True,,,,,,,,,,,0.0,0.0,,polymarket,0xBc43c8bfBC4d77c2FC9011adaD38Ba43b88996d3-1765231687816,0,True,,121436.258637,0.1363737,,,,36,,,,0.0,0.0,,,,,,0,0,890466.84631
0xfaa2b54347bd9a9f62d6e4bfb2d3180da53de80a,,F_detail_pending_excluded,top50 leaderboard row read; per-account public detail deferred to deep-dive sessions,0,0,0,0,0,fresh_api:leaderboard_only_detail_pending,,,True,,,,,,,,,,,0.0,0.0,,polymarket,easymoney9,0,True,,121084.495247,0.3060332,,,,37,,,,0.0,0.0,,,,,,0,0,395658.034316
0xd1ed12197b7dc22dede923727e9b714024dbd7cb,,F_detail_pending_excluded,top50 leaderboard row read; per-account public detail deferred to deep-dive sessions,0,0,0,0,0,fresh_api:leaderboard_only_detail_pending,,,True,,,,,,,,,,,0.0,0.0,,polymarket,curie,0,True,,120136.011475,0.06953458,,,,38,,,,0.0,0.0,,,,,,0,0,1727715.976898
0x9703676286b93c2eca71ca96e8757104519a69c2,,F_detail_pending_excluded,top50 leaderboard row read; per-account public detail deferred to deep-dive sessions,0,0,0,0,0,fresh_api:leaderboard_only_detail_pending,,,True,,,,,,,,,,,0.0,0.0,,polymarket,AnonymousUsername,0,True,,116852.984732,0.03704752,,,,39,,,,0.0,0.0,,,,,,0,0,3154138.095023
0x384b622131b8897c3e431d5003c82cf7d8f07d78,,F_detail_pending_excluded,top50 leaderboard row read; per-account public detail deferred to deep-dive sessions,0,0,0,0,0,fresh_api:leaderboard_only_detail_pending,,,True,,,,,,,,,,,0.0,0.0,,polymarket,robban888,0,True,,116638.442738,0.49,,,,40,,,,0.0,0.0,,,,,,0,0,238037.638241
0x162ca4c5249987872fea1e15c846d7fe80316c47,,F_detail_pending_excluded,top50 leaderboard row read; per-account public detail deferred to deep-dive sessions,0,0,0,0,0,fresh_api:leaderboard_only_detail_pending,,,True,,,,,,,,,,,0.0,0.0,,polymarket,VD721lsj4938Dk388,0,True,,115624.102002,0.45314596,,,,41,,,,0.0,0.0,,,,,,0,0,255158.63
0xa40778fb8d0dba8a24a99c7d23511af263faca38,,F_detail_pending_excluded,top50 leaderboard row read; per-account public detail deferred to deep-dive sessions,0,0,0,0,0,fresh_api:leaderboard_only_detail_pending,,,True,,,,,,,,,,,0.0,0.0,,polymarket,MrBlobby,0,True,,103282.402542,0.16090301,,,,42,,,,0.0,0.0,,,,,,0,0,641892.294794
0xcf6c5492124794394dd9eac46498a8babbe47e66,,F_detail_pending_excluded,top50 leaderboard row read; per-account public detail deferred to deep-dive sessions,0,0,0,0,0,fresh_api:leaderboard_only_detail_pending,,,True,,,,,,,,,,,0.0,0.0,,polymarket,one8tyfive,0,True,,103178.55613,0.14654847,,,,43,,,,0.0,0.0,,,,,,0,0,704057.558386
0xe72bb501df5306c75c89383d48a1e81073fbb0a0,,F_detail_pending_excluded,top50 leaderboard row read; per-account public detail deferred to deep-dive sessions,0,0,0,0,0,fresh_api:leaderboard_only_detail_pending,,,True,,,,,,,,,,,0.0,0.0,,polymarket,norrisfan,0,True,,101656.294228,0.10832864,,,,44,,,,0.0,0.0,,,,,,0,0,938406.435862
0x56acab44cfca2e88bb9b3406890aea7bfa0cd77e,,F_detail_pending_excluded,top50 leaderboard row read; per-account public detail deferred to deep-dive sessions,0,0,0,0,0,fresh_api:leaderboard_only_detail_pending,,,True,,,,,,,,,,,0.0,0.0,,polymarket,dv-pm,0,True,,101560.276555,0.14171662,,,,45,,,,0.0,0.0,,,,,,0,0,716643.376109
0x85f031d069de300055900c4055c1baeb6bde3f67,,F_detail_pending_excluded,top50 leaderboard row read; per-account public detail deferred to deep-dive sessions,0,0,0,0,0,fresh_api:leaderboard_only_detail_pending,,,True,,,,,,,,,,,0.0,0.0,,polymarket,RJW1,0,True,,99635.586395,0.3694454,,,,46,,,,0.0,0.0,,,,,,0,0,269689.614509
0x0c787cc2962ee6464414da592b892c3886e077f1,,F_detail_pending_excluded,top50 leaderboard row read; per-account public detail deferred to deep-dive sessions,0,0,0,0,0,fresh_api:leaderboard_only_detail_pending,,,True,,,,,,,,,,,0.0,0.0,,polymarket,bbb17367162806,0,True,,99247.798809,0.25174984,,,,47,,,,0.0,0.0,,,,,,0,0,394231.824348
0x26437896ed9dfeb2f69765edcafe8fdceaab39ae,,F_detail_pending_excluded,top50 leaderboard row read; per-account public detail deferred to deep-dive sessions,0,0,0,0,0,fresh_api:leaderboard_only_detail_pending,,,True,,,,,,,,,,,0.0,0.0,,polymarket,Latina,0,True,,95106.850326,0.376439,,,,48,,,,0.0,0.0,,,,,,0,0,252648.77
0x8fbb3c32496d4bcff8f456c3342f90edaaa09a17,,F_detail_pending_excluded,top50 leaderboard row read; per-account public detail deferred to deep-dive sessions,0,0,0,0,0,fresh_api:leaderboard_only_detail_pending,,,True,,,,,,,,,,,0.0,0.0,,polymarket,diooson,0,True,,91677.814358,0.12984351,,,,49,,,,0.0,0.0,,,,,,0,0,706063.874429
0xbc1b1e935cf5a06f9378fe2b249338649dc29d59,,F_detail_pending_excluded,top50 leaderboard row read; per-account public detail deferred to deep-dive sessions,0,0,0,0,0,fresh_api:leaderboard_only_detail_pending,,,True,,,,,,,,,,,0.0,0.0,,polymarket,shijiebeifacai,0,True,,90942.679627,0.08667417,,,,50,,,,0.0,0.0,,,,,,0,0,1049247.776462
0x0ddf9bae2af4b874b96d287a5ad42eb47138a902,28779448.276308,D_hl_concentrated_directional,few active positions; top position dominates current notional; recent fills concentrated in one coin,,,,,,fresh_api:fresh_public_detail,ETH,1.0,False,1.902558,7596.195686,1,True,2000,"{""Close Short"": 1104, ""Open Short"": 896}",2026-06-26T03:46:23.686000+00:00,39926225.51691,2026-06-21T10:57:04.522000+00:00,,,,27436666.666666,hyperliquid,Penision Fund,,True,46540014.636308,16762611.995774,0.03825901,1,82310000.0,2693349.154357,1,1.55079422,0.50832115,,,,,ETH,3.0,1.0,82310000.0,,,438135073.2
0x7fdafde5cfb5465924316eced2d3715494c517d1,28865659.598507,E_hl_high_turnover_multi_asset,many recent fills; multi-asset recent activity; multiple active positions; fills not fully dominated by a single coin,,,,,,fresh_api:fresh_public_detail,BTC,0.3635,False,0.099997,35.733026,9,True,2000,"{""Close Long"": 269, ""Close Short"": 113, ""Open Long"": 210, ""Open Short"": 1408}",2026-07-02T10:20:24.040000+00:00,3573403.894587,2026-07-02T08:54:51.203000+00:00,,,,8402057.167516,hyperliquid,BobbyBigSize,,True,185811349.338507,16649303.976956,0.01087456,27,87274878.871493,3460673.070497,2,3.00662712,0.43298364,,,,,BTC,20.0,0.422995,36916812.73478,,,1531033122.5
0x17c3c8fdbcb7d1b240ce08965e09b1fc91cba868,24557550.333583,E_hl_high_turnover_multi_asset,many recent fills; multi-asset recent activity; multiple active positions; fills not fully dominated by a single coin,,,,,,fresh_api:fresh_public_detail,xyz:SPCX,0.3745,False,0.194413,59.010195,15,True,2000,"{""Buy"": 1, ""Close Long"": 680, ""Close Short"": 592, ""Open Long"": 286, ""Open Short"": 440, ""Short > Long"": 1}",2026-07-02T10:16:23.448000+00:00,3035293.644206,2026-07-01T17:30:01.367000+00:00,,,,484454.010516,hyperliquid,,,True,8615318.756246,14813429.257143,0.02952658,14,1482292.141842,-4562.855886,3,0.20430777,0.42202428,,,,,NEAR,3.0,0.348942,517233.77226,,,501698134.23
0xfc667adba8d4837586078f4fdcdc29804337ca06,70100996.381736,E_hl_high_turnover_multi_asset,many recent fills; multi-asset recent activity; multiple active positions; fills not fully dominated by a single coin,,,,,,fresh_api:fresh_public_detail,xyz:SPCX,0.159,False,0.03475,42.853701,37,True,2000,"{""Close Long"": 450, ""Close Short"": 535, ""Open Long"": 182, ""Open Short"": 805, ""Sell"": 28}",2026-07-02T10:20:27.628000+00:00,12331969.048795,2026-07-02T08:24:23.692000+00:00,,,,1527232.176578,hyperliquid,,,True,34001022.891736,13166099.828094,0.00176694,6,20259995.51506,-557014.832545,4,0.33766661,0.14485145,,,,,ETH,20.0,0.312776,6336836.1864,,,7451356167.35
0xb83de012dba672c76a7dbbbf3e459cb59d7d6e36,91182253.131336,E_hl_high_turnover_multi_asset,active recent trading; several traded assets,,,,,,fresh_api:fresh_public_detail,xyz:GOLD,0.474,False,2.809105,633.975287,3,True,2000,"{""Buy"": 632, ""Close Short"": 1, ""Open Short"": 1360, ""Sell"": 7}",2026-07-02T02:08:56.804000+00:00,2256858.89391,2026-06-29T18:18:06.523000+00:00,,,,11293928.998432,hyperliquid,,,True,136502324.682975,12445827.745577,0.09704487,12,56946360.748006,2400722.924364,5,0.96214715,0.58942859,,,,,HYPE,5.0,0.979358,55770847.8801,,,128248179.68
0xf822fa0fd364c573fcdb7009fcf47601bc8be01a,36901853.63665,E_hl_high_turnover_multi_asset,active recent trading; several traded assets,,,,,,fresh_api:fresh_public_detail,SOL,0.7215,False,0.399991,44.988822,3,True,2000,"{""Open Short"": 2000}",2026-07-02T09:30:51.704000+00:00,1124745.23783,2026-07-02T05:26:29.042000+00:00,,,,36693621.407345,hyperliquid,,,True,12601546.78665,11598312.531395,0.0494785,5,110080864.22204,1580540.246476,6,0.43008272,0.38273813,,,,,BTC,3.0,0.415867,45778978.0582,,,234411135.94
0x87f9cd15f5050a9283b8896300f7c8cf69ece2cf,82372009.992004,F_anomaly_or_unclear_excluded,does not cleanly meet D/E thresholds or public detail incomplete,,,,,,fresh_api:fresh_public_detail,BTC,1.0,True,1.499994,15.522103,1,False,119,"{""Close Long"": 16, ""Close Short"": 12, ""Long > Short"": 38, ""Open Long"": 7, ""Open Short"": 8, ""Short > Long"": 38}",2025-06-13T18:05:58.014000+00:00,103481.09488,2025-06-13T17:42:30.169000+00:00,,,,0.0,hyperliquid,,,True,78165317.612004,11514571.831012,0.00034806,0,0,0,7,0.46965603,0.14988961,,,,,,0.0,0.0,0.0,,,33082583627.120007
0xecb63caa47c7c4e77f60f1ce858cf28dc2b82b00,92020811.835142,E_hl_high_turnover_multi_asset,many recent fills; multi-asset recent activity; multiple active positions; fills not fully dominated by a single coin,,,,,,fresh_api:fresh_public_detail,ASTER,0.0875,False,0.366907,109.221625,97,True,2000,"{""Buy"": 132, ""Close Long"": 231, ""Close Short"": 527, ""Long > Short"": 1, ""Open Long"": 240, ""Open Short"": 775, ""Sell"": 93, ""Short > Long"": 1}",2026-07-02T10:20:30.392000+00:00,2976823.421135,2026-07-02T10:02:26.674000+00:00,,,,10656238.662238,hyperliquid,,,True,222126410.625142,10312097.344002,0.00103918,82,95886943.087154,-1366550.672084,8,2.20065113,0.09653661,,,,,ETH,15.0,0.351461,33700481.75014,,,9923329589.23
0x45d26f28196d226497130c4bac709d808fed4029,32810769.346784,E_hl_high_turnover_multi_asset,many recent fills; multi-asset recent activity; multiple active positions; fills not fully dominated by a single coin,,,,,,fresh_api:fresh_public_detail,xyz:BRENTOIL,0.3365,False,1.5967,870.093233,6,True,2000,"{""Close Short"": 1079, ""Open Long"": 31, ""Open Short"": 420, ""Sell"": 469, ""Short > Long"": 1}",2026-06-26T13:20:40.523000+00:00,5449320.727014,2026-06-01T05:43:45.182000+00:00,,,,4590244.634631,hyperliquid,,,True,79286080.936784,9287513.671135,2.17142896,44,49804478.6569,7075751.738126,9,1.68241336,0.71126739,,,,,HYPE,10.0,0.55904,27842713.2,,,4277143.68
0x8cfac7c6f03e00db2f298699df96933a9694b6ab,9769447.006344,F_anomaly_excluded,positive PnL with zero/invalid monthly volume,,,,,,fresh_api:fresh_public_detail,@4,1.0,True,0.0,0.0,1,False,1,"{""Spot Dust Conversion"": 1}",2026-01-07T00:00:00.119000+00:00,0.888138,2026-01-07T00:00:00.119000+00:00,,,,0.0,hyperliquid,,,True,10097954.536344,9105144.993787,0.0,0,0,0,10,100979.54536344,13.7063336,,,,,,0.0,0.0,0.0,,,0.0
0xebe126adabe1a8f08d3ce53b45e7cc994ca14070,17885959.327322,F_anomaly_or_unclear_excluded,does not cleanly meet D/E thresholds or public detail incomplete,,,,,,fresh_api:fresh_public_detail,xyz:SKHX,1.0,True,0.316979,162.383474,1,True,2000,"{""Close Short"": 171, ""Open Short"": 1829}",2026-06-30T23:01:35.615000+00:00,5122844.8246,2026-06-25T00:56:55.021000+00:00,,,,0.0,hyperliquid,,,True,-379136.882678,8182320.348868,0.22337654,0,0,0,11,-0.0110972,0.77165211,,,,,,0.0,0.0,0.0,,,36630169.25
0x4e23288cee4960f9f962195c22948e4bc7ae20c3,25219464.396736,E_hl_high_turnover_multi_asset,active recent trading; several traded assets,,,,,,fresh_api:fresh_public_detail,xyz:SPCX,0.49,False,0.161435,133.446904,4,True,2000,"{""Buy"": 213, ""Close Short"": 807, ""Open Long"": 980}",2026-07-02T05:54:07.126000+00:00,8266283.18869,2026-07-01T17:37:27.273000+00:00,,,,567.865707,hyperliquid,,,True,11878918.156736,7897971.179436,0.00368133,5,6131.845214,-182.30858,12,0.88312287,0.58453803,,,,,WLD,10.0,0.526453,3228.13119,,,2145411358.87
0xfc27136e42af1732ddc9ce2605ea9bff1b959d9d,16843948.062557,D_hl_concentrated_directional,few active positions; top position dominates current notional,,,,,,fresh_api:fresh_public_detail,xyz:META,0.219,False,0.312179,145.980838,51,True,2000,"{""Close Long"": 136, ""Close Short"": 844, ""Long > Short"": 3, ""Open Long"": 469, ""Open Short"": 546, ""Short > Long"": 2}",2026-07-02T10:19:57.758000+00:00,4676190.800189,2026-07-02T07:02:16.744000+00:00,,,,216607.572664,hyperliquid,,,True,7404495.672557,7679671.92161,0.00406668,1,2166075.72664,-18473.595063,13,0.29040139,0.30533967,,,,,BTC,10.0,1.0,2166075.72664,,,1888437093.0
0xd47587702a91731dc1089b5db0932cf820151a91,56262663.995272,E_hl_high_turnover_multi_asset,active recent trading; several traded assets,,,,,,fresh_api:fresh_public_detail,HYPE,0.6815,False,0.856861,64.195461,4,True,2000,"{""Close Short"": 1884, ""Sell"": 116}",2026-07-01T22:09:39.445000+00:00,749193.2642,2026-06-30T10:40:53.248000+00:00,,,,6328505.662188,hyperliquid,,,True,87994174.304088,7572295.632394,0.03847793,12,31863604.343166,-4360097.22171,14,0.71175626,0.13883442,,,,,HYPE,5.0,0.860147,27407382.60231,,,196795795.48
0xa312114b5795dff9b8db50474dd57701aa78ad1e,24665095.424225,E_hl_high_turnover_multi_asset,many recent fills; multi-asset recent activity; multiple active positions; fills not fully dominated by a single coin,,,,,,fresh_api:fresh_public_detail,xyz:SMH,0.267,False,1.117473,212.553957,15,True,2000,"{""Close Short"": 753, ""Open Short"": 1043, ""Sell"": 204}",2026-07-02T10:17:44.017000+00:00,1902093.936467,2026-07-01T17:26:13.820000+00:00,,,,1897772.797495,hyperliquid,,,True,97308687.404225,7568993.764223,0.02591285,14,16817487.04956,1531470.267028,15,3.38972062,0.61740997,,,,,HYPE,10.0,0.788366,13258339.73808,,,292094182.78
0x77375a8c9d13bf79afb2a87f1b0ac1dfd5f5bf66,39106256.890435,E_hl_high_turnover_multi_asset,many recent fills; multi-asset recent activity; multiple active positions; fills not fully dominated by a single coin,,,,,,fresh_api:fresh_public_detail,CHIP,0.195,False,1.608392,1769.180307,59,True,2000,"{""Buy"": 24, ""Close Long"": 409, ""Close Short"": 917, ""Open Long"": 355, ""Open Short"": 280, ""Sell"": 13, ""Settlement"": 2}",2026-07-01T16:50:06.943000+00:00,10999681.438513,2026-04-29T20:34:23.137000+00:00,,,,3845798.14036,hyperliquid,,,True,44030732.880435,7524054.741804,0.02330717,5,29727457.0023,4575919.178862,16,12.23422683,1.63324295,,,,,LIT,5.0,0.353679,10513981.1059,,,322821475.87
0xfe7ce058edc7cfcde9ef8262ba51f8d4796ab7ae,16976595.911925,E_hl_high_turnover_multi_asset,many recent fills; multi-asset recent activity; multiple active positions,,,,,,fresh_api:fresh_public_detail,xyz:SKHX,0.781,False,0.407238,231.019764,11,True,2000,"{""Close Long"": 8, ""Close Short"": 297, ""Open Long"": 128, ""Open Short"": 1567}",2026-07-02T10:03:59.777000+00:00,5672838.27846,2026-07-01T17:15:11.560000+00:00,,,,781560.03251,hyperliquid,,,True,6765736.351925,7220571.794741,0.0499653,5,7664707.94423,1762098.085957,17,0.23004212,0.25499015,,,,,NEAR,10.0,0.802004,6147123.6167,,,144511740.06
0xb3bd5fafb3dcb7ff0d27a6dcdb1974a2f8ac221d,66380005.7812,F_anomaly_excluded,positive PnL with zero/invalid monthly volume,,,,,,fresh_api:fresh_public_detail,,0.0,True,0.0,0.0,0,False,0,{},,0.0,,,,,0.0,hyperliquid,,,True,7162354.8812,7162354.8812,0.0,0,0,0,18,0.12094966,0.12094966,,,,,,0.0,0.0,0.0,,,0.0
0xcf90cfecf74e631feea816d02e757c0c8e895c0e,15501872.858095,D_hl_concentrated_directional,few active positions; top position dominates current notional; recent fills concentrated in one coin,,,,,,fresh_api:fresh_public_detail,BTC,0.86,False,3.188545,20276.938804,2,True,2000,"{""Close Short"": 280, ""Open Short"": 1720}",2026-06-02T13:39:37.390000+00:00,63593081.04865,2026-06-02T13:31:37.342000+00:00,,,,15024521.079247,hyperliquid,,,True,4358729.24223,7121404.113188,0.0741566,1,46670440.65727,5901512.12693,19,0.39115797,0.84976203,,,,,BTC,15.0,1.0,46670440.65727,,,96031964.02
0x32008fcb6bbd16532afc83ca8b6c920dde22c407,13933315.876565,E_hl_high_turnover_multi_asset,many recent fills; multi-asset recent activity; fills not fully dominated by a single coin,,,,,,fresh_api:fresh_public_detail,xyz:NATGAS,0.2525,False,0.908539,1784.554681,9,True,2000,"{""Close Long"": 231, ""Open Long"": 1269, ""Open Short"": 500}",2026-07-01T20:22:58.788000+00:00,19642022.092154,2026-06-29T19:11:07.583000+00:00,,,,1949065.635659,hyperliquid,,,True,-3651326.363435,6023347.455161,0.01502522,3,30137806.36469,3767686.262865,20,-0.17074526,0.54713843,,,,,BTC,21.0,0.674448,20326377.28819,,,400882549.35
0x5b5d51203a0f9079f8aeb098a6523a13f298c060,30445357.626146,E_hl_high_turnover_multi_asset,active recent trading; several traded assets,,,,,,fresh_api:fresh_public_detail,ETH,0.987,False,2.508914,905.325232,3,True,2000,"{""Close Short"": 1940, ""Open Long"": 46, ""Open Short"": 13, ""Short > Long"": 1}",2026-07-02T09:31:37.264000+00:00,3608434.58641,2026-06-29T07:39:09.523000+00:00,,,,4363113.019057,hyperliquid,,,True,183261834.196221,5673992.745716,0.11202522,9,23586883.208907,-276505.885045,21,0.56678088,0.62998791,,,,,HYPE,5.0,0.772569,18222503.16835,,,50649244.16
0x0b8aa35c28b7c6ab18f11dc168f437a8a69fd4f8,32751470.809037,D_hl_concentrated_directional,few active positions; top position dominates current notional,,,,,,fresh_api:fresh_public_detail,HYPE,0.653,False,1.209403,340.73016,8,True,2000,"{""Buy"": 588, ""Close Long"": 7, ""Close Short"": 4, ""Open Long"": 89, ""Open Short"": 1312}",2026-06-02T09:33:04.148000+00:00,2817342.5925,2026-02-08T12:42:02.266000+00:00,,,,642882.1425,hyperliquid,,,True,3521544.029037,5199749.298032,0.00564531,1,6428821.425,-3182477.32541,22,0.0995907,0.37383462,,,,,HYPE,10.0,1.0,6428821.425,,,921073620.75
0x0ad9e656d9e6211d0ea1c5462342e1fc94cc4cbf,10179435.419858,D_hl_concentrated_directional,few active positions; top position dominates current notional,,,,,,fresh_api:fresh_public_detail,xyz:SKHX,0.58,False,0.305139,163.648474,4,True,2000,"{""Close Short"": 20, ""Long > Short"": 1, ""Open Short"": 1979}",2026-07-01T09:40:50.136000+00:00,5363087.0181,2026-07-01T09:07:57.480000+00:00,,,,1252105.42938,hyperliquid,,,True,5179438.629858,5179438.629858,0.02215679,1,7512632.57628,258182.063822,23,0.25897194,0.25897194,,,,,BTC,6.0,1.0,7512632.57628,,,233763073.2
0x9e8b1e51c642f4c8b87c6ba11c53d516a218afc4,10718409.87631,E_hl_high_turnover_multi_asset,many recent fills; multi-asset recent activity; fills not fully dominated by a single coin,,,,,,fresh_api:fresh_public_detail,xyz:MU,0.465,False,1.926795,3198.321951,5,True,2000,"{""Close Long"": 338, ""Close Short"": 776, ""Open Long"": 592, ""Open Short"": 293, ""Sell"": 1}",2026-07-02T07:02:57.736000+00:00,16599184.520196,2026-06-26T14:06:53.227000+00:00,,,,0.0,hyperliquid,,,True,24165483.86631,5118229.779154,0.01188413,0,0,0,24,70.08413601,1.03180583,,,,,,0.0,0.0,0.0,,,430677750.88
0x64a4fbb71858f681f3fa10a42b34180a9a48088d,21811592.511215,E_hl_high_turnover_multi_asset,many recent fills; multi-asset recent activity,,,,,,fresh_api:fresh_public_detail,@243,0.7565,False,15.885079,5085.449013,11,True,2000,"{""Buy"": 968, ""Close Long"": 11, ""Close Short"": 338, ""Open Long"": 16, ""Open Short"": 102, ""Sell"": 560, ""Spot Dust Conversion"": 5}",2026-06-04T04:25:01.131000+00:00,3201399.968756,2026-02-02T11:01:53.279000+00:00,,,,0.0,hyperliquid,,,True,2502714.161215,4849036.385878,0.01916901,0,0,0,25,0.07070158,0.37048151,,,,,,0.0,0.0,0.0,,,252962307.52
0x936cf4fb95c30ce83f658b5bbb247e4bb381bb0f,10917697.755198,E_hl_high_turnover_multi_asset,many recent fills; multi-asset recent activity; multiple active positions; fills not fully dominated by a single coin,,,,,,fresh_api:fresh_public_detail,LIT,0.273,False,0.873062,33.246361,15,True,2000,"{""Close Long"": 29, ""Close Short"": 805, ""Long > Short"": 2, ""Open Long"": 6, ""Open Short"": 1157, ""Short > Long"": 1}",2026-07-02T10:19:03.470000+00:00,380801.715947,2026-07-02T05:06:51.763000+00:00,,,,812216.758109,hyperliquid,,,True,9016494.097138,4360210.966689,0.00972974,17,14781722.511765,119259.772855,26,0.4256641,0.22366999,,,,,BTC,20.0,0.600318,8873738.41272,,,448132261.18
0x60a8c761f39696b3b419f31dcda20b405cb685f6,32824630.243873,D_hl_concentrated_directional,few active positions; top position dominates current notional; recent fills concentrated in one coin,,,,,,fresh_api:fresh_public_detail,xyz:SPCX,0.9155,False,0.299992,54.220083,2,True,2000,"{""Close Short"": 1831, ""Open Short"": 169}",2026-07-01T11:33:51.008000+00:00,1807382.5399,2026-06-24T07:20:37.009000+00:00,,,,64.178498,hyperliquid,,,True,3913436.954645,4231021.668711,0.25305958,2,1283.555482,-115.448831,27,0.26413819,0.29182912,,,,,BTC,20.0,0.999989,1283.541,,,16719468.48
0xa31441e058492bc7cfffda9aa7623c407ae83a81,15243261.549736,E_hl_high_turnover_multi_asset,many recent fills; multi-asset recent activity; fills not fully dominated by a single coin,,,,,,fresh_api:fresh_public_detail,xyz:WDC,0.3715,False,0.597346,438.276613,11,True,2000,"{""Close Long"": 743, ""Close Short"": 327, ""Open Long"": 224, ""Open Short"": 706}",2026-07-02T09:51:45.221000+00:00,7337068.884727,2026-07-01T17:45:01.475000+00:00,,,,0.0,hyperliquid,,,True,10685321.661827,3726203.907893,0.01023306,0,0,0,28,1.2135089,0.33680194,,,,,,0.0,0.0,0.0,,,364134021.78
0xcf5343ba750a6e30afbb1dadda08bc78f8c8ee11,13899255.15397,E_hl_high_turnover_multi_asset,many recent fills; multi-asset recent activity; fills not fully dominated by a single coin,,,,,,fresh_api:fresh_public_detail,xyz:SKHX,0.4275,False,0.617295,501.39285,12,True,2000,"{""Close Long"": 111, ""Close Short"": 791, ""Long > Short"": 1, ""Open Long"": 78, ""Open Short"": 1017, ""Short > Long"": 2}",2026-07-02T08:45:31.892000+00:00,8122416.149536,2026-06-23T13:59:17.047000+00:00,,,,2021814.882426,hyperliquid,,,True,3899250.55397,3674121.469121,0.05454798,4,8064750.31856,1320713.698737,29,0.38992488,0.66524957,,,,,ETH,4.0,0.953999,7693762.36992,,,67355776.22
0x218a65e21eddeece7a9df38c6bbdd89f692b7da2,1692569.429127,D_hl_concentrated_directional,few active positions; top position dominates current notional,,,,,,fresh_api:fresh_public_detail,ETH,0.587,False,1.540884,6248.361872,2,True,2000,"{""Close Short"": 1249, ""Open Short"": 751}",2026-06-28T18:00:50.706000+00:00,40550493.34566,2026-05-03T12:39:58.054000+00:00,,,,1605016.404121,hyperliquid,,,True,12029817.659127,3672997.875793,0.14308222,1,8614154.50116,2343932.307461,30,1.03137061,0.83477645,,,,,BTC,8.0,1.0,8614154.50116,,,25670540.32
0x3dc908374e11623d8eb9f07dfc7a2e5e803a54b0,22928474.812894,F_anomaly_or_incomplete_excluded,PnL present but no public positions or fills fetched,,,,,,fresh_api:fresh_public_detail,,0.0,True,0.0,0.0,0,False,0,{},,0.0,,,,,0.0,hyperliquid,,,True,4728176.632894,3580064.058815,0.09314981,0,0,0,31,0.13697532,0.42230815,,,,,,0.0,0.0,0.0,,,38433401.02
0x091159a8106b077c13e89bc09701117e8b5f129a,8925412.335649,F_anomaly_or_incomplete_excluded,PnL present but no public positions or fills fetched,,,,,,fresh_api:fresh_public_detail,,0.0,True,0.0,0.0,0,False,0,{},,0.0,,,,,0.0,hyperliquid,,,True,10259175.915649,3525525.158996,0.00819007,0,0,0,32,2.01128762,0.65288867,,,,,,0.0,0.0,0.0,,,430463161.16
0xb798aef79972ce8f73d47b9ebbcda6bbb7ec4fbf,8968885.205322,F_anomaly_or_incomplete_excluded,PnL present but no public positions or fills fetched,,,,,,fresh_api:fresh_public_detail,,0.0,True,0.0,0.0,0,False,0,{},,0.0,,,,,0.0,hyperliquid,lmlmlm,,True,10054217.635322,3370430.091378,0.10958641,0,0,0,33,1.49122681,0.29045758,,,,,,0.0,0.0,0.0,,,30755912.86
0xefd3ab65915e35105caa462442c9ecc1346728df,76830.892369,F_anomaly_or_incomplete_excluded,PnL present but no public positions or fills fetched,,,,,,fresh_api:fresh_public_detail,,0.0,True,0.0,0.0,0,False,0,{},,0.0,,,,,0.0,hyperliquid,2 frères 2 fauves,,True,-3514774.774494,3327837.097933,0.00543961,0,0,0,34,-0.10328481,0.12530394,,,,,,0.0,0.0,0.0,,,611778795.65
0x9cd0a696c7cbb9d44de99268194cb08e5684e5fe,332452.113737,F_anomaly_or_incomplete_excluded,PnL present but no public positions or fills fetched,,,,,,fresh_api:fresh_public_detail,,0.0,True,0.0,0.0,0,False,0,{},,0.0,,,,,0.0,hyperliquid,,,True,12175734.623646,3225238.940628,19301.25039275,0,0,0,35,121757.34623646,0.36543074,,,,,,0.0,0.0,0.0,,,167.1
0xbcd420d13362532756c968f663f96ba95e240dd2,5229009.754105,F_detail_pending_excluded,top100 leaderboard row read; public position/fill detail deferred to deep-dive sessions,,,,,,fresh_api:leaderboard_only_detail_pending,,0.0,True,0.0,0.0,0,False,0,{},,0.0,,,,,0.0,hyperliquid,,,True,7032780.625558,3177368.7145,0.01435524,0,0,0,36,1.12630015,0.61355498,,,,,,0.0,0.0,0.0,,,221338567.11
0x469e9a7f624b04c24f0e64edf8d8a277e6bf58a5,16853154.727244,F_detail_pending_excluded,top100 leaderboard row read; public position/fill detail deferred to deep-dive sessions,,,,,,fresh_api:leaderboard_only_detail_pending,,0.0,True,0.0,0.0,0,False,0,{},,0.0,,,,,0.0,hyperliquid,,,True,18525952.297244,3146550.307677,0.00404822,0,0,0,37,6.14717028,0.49256053,,,,,,0.0,0.0,0.0,,,777267638.26
0x856c35038594767646266bc7fd68dc26480e910d,63368087.821509,F_detail_pending_excluded,top100 leaderboard row read; public position/fill detail deferred to deep-dive sessions,,,,,,fresh_api:leaderboard_only_detail_pending,,0.0,True,0.0,0.0,0,False,0,{},,0.0,,,,,0.0,hyperliquid,,,True,36063617.781509,3141316.066882,0.00246659,0,0,0,38,0.49290038,0.0672331,,,,,,0.0,0.0,0.0,,,1273546901.01
0x6859da14835424957a1e6b397d8026b1d9ff7e1e,8202783.526348,F_detail_pending_excluded,top100 leaderboard row read; public position/fill detail deferred to deep-dive sessions,,,,,,fresh_api:leaderboard_only_detail_pending,,0.0,True,0.0,0.0,0,False,0,{},,0.0,,,,,0.0,hyperliquid,,,True,26621696.126348,3122492.137923,0.06214848,0,0,0,39,3.57787326,0.52828428,,,,,,0.0,0.0,0.0,,,50242449.86
0xd4c1f7e8d876c4749228d515473d36f919583d1d,4649179.582597,F_detail_pending_excluded,top100 leaderboard row read; public position/fill detail deferred to deep-dive sessions,,,,,,fresh_api:leaderboard_only_detail_pending,,0.0,True,0.0,0.0,0,False,0,{},,0.0,,,,,0.0,hyperliquid,,,True,31959096.582597,3115922.134677,0.00458753,0,0,0,40,2.29359097,0.39615801,,,,,,0.0,0.0,0.0,,,679215392.8
0xcac19662ec88d23fa1c81ac0e8570b0cf2ff26b3,29175069.977108,F_detail_pending_excluded,top100 leaderboard row read; public position/fill detail deferred to deep-dive sessions,,,,,,fresh_api:leaderboard_only_detail_pending,,0.0,True,0.0,0.0,0,False,0,{},,0.0,,,,,0.0,hyperliquid,,,True,42128453.283423,3037749.681037,0.03483216,0,0,0,41,0.39794742,0.11306306,,,,,,0.0,0.0,0.0,,,87211066.53
0xd62d484bda5391d75b414e68f9ddcedb207b7d91,9368095.083486,F_detail_pending_excluded,top100 leaderboard row read; public position/fill detail deferred to deep-dive sessions,,,,,,fresh_api:leaderboard_only_detail_pending,,0.0,True,0.0,0.0,0,False,0,{},,0.0,,,,,0.0,hyperliquid,,,True,5058219.583486,3029508.330906,0.0,0,0,0,42,1.17363473,0.47794697,,,,,,0.0,0.0,0.0,,,0.0
0x152e41f0b83e6cad4b5dc730c1d6279b7d67c9dc,16564242.902842,F_detail_pending_excluded,top100 leaderboard row read; public position/fill detail deferred to deep-dive sessions,,,,,,fresh_api:leaderboard_only_detail_pending,,0.0,True,0.0,0.0,0,False,0,{},,0.0,,,,,0.0,hyperliquid,,,True,27437486.292842,3021569.401271,0.00527855,0,0,0,43,2.77738216,0.98682061,,,,,,0.0,0.0,0.0,,,572423851.71
0xf54ac7966dad594dc4952b3eccc8f77cd77fde92,0.000103,F_detail_pending_excluded,top100 leaderboard row read; public position/fill detail deferred to deep-dive sessions,,,,,,fresh_api:leaderboard_only_detail_pending,,0.0,True,0.0,0.0,0,False,0,{},,0.0,,,,,0.0,hyperliquid,,,True,81646.570103,2971005.305918,0.15310411,0,0,0,44,0.01121147,0.67629583,,,,,,0.0,0.0,0.0,,,19405131.42
0x48d826da83e69844f2f84b2db50703a933d137a2,7399750.924116,F_detail_pending_excluded,top100 leaderboard row read; public position/fill detail deferred to deep-dive sessions,,,,,,fresh_api:leaderboard_only_detail_pending,,0.0,True,0.0,0.0,0,False,0,{},,0.0,,,,,0.0,hyperliquid,,,True,5319233.664116,2870436.911901,0.05222872,0,0,0,45,0.90398112,0.75919865,,,,,,0.0,0.0,0.0,,,54958977.67
0x123dbca6a27005a3c4ce10cb66ee8ece8fc13bff,6269982.114142,F_detail_pending_excluded,top100 leaderboard row read; public position/fill detail deferred to deep-dive sessions,,,,,,fresh_api:leaderboard_only_detail_pending,,0.0,True,0.0,0.0,0,False,0,{},,0.0,,,,,0.0,hyperliquid,,,True,25856792.494142,2835501.425082,0.10362415,0,0,0,46,1.41442481,0.45480883,,,,,,0.0,0.0,0.0,,,27363325.12
0x4c78a97cef589b01bb91dbf893fffa14243d2444,11184788.979626,F_detail_pending_excluded,top100 leaderboard row read; public position/fill detail deferred to deep-dive sessions,,,,,,fresh_api:leaderboard_only_detail_pending,,0.0,True,0.0,0.0,0,False,0,{},,0.0,,,,,0.0,hyperliquid,,,True,-3154208.190374,2807062.89863,0.0406837,0,0,0,47,-0.15584805,0.19660434,,,,,,0.0,0.0,0.0,,,68997244.69
0xaf0fdd39e5d92499b0ed9f68693da99c0ec1e92e,13290199.089791,F_detail_pending_excluded,top100 leaderboard row read; public position/fill detail deferred to deep-dive sessions,,,,,,fresh_api:leaderboard_only_detail_pending,,0.0,True,0.0,0.0,0,False,0,{},,0.0,,,,,0.0,hyperliquid,,,True,22853426.399791,2764874.437262,0.0356421,0,0,0,48,4.70201535,1.01341341,,,,,,0.0,0.0,0.0,,,77573278.42
0xe867fbdad3291530e41530301ecb77693850c78e,69436873.847066,F_detail_pending_excluded,top100 leaderboard row read; public position/fill detail deferred to deep-dive sessions,,,,,,fresh_api:leaderboard_only_detail_pending,,0.0,True,0.0,0.0,0,False,0,{},,0.0,,,,,0.0,hyperliquid,,,True,45850661.087066,2763668.500312,0.01840534,0,0,0,49,1.94396029,0.89169843,,,,,,0.0,0.0,0.0,,,150155768.97
0xa98143608a6846453c88f29506d64a8b85532e65,15756244.15455,F_detail_pending_excluded,top100 leaderboard row read; public position/fill detail deferred to deep-dive sessions,,,,,,fresh_api:leaderboard_only_detail_pending,,0.0,True,0.0,0.0,0,False,0,{},,0.0,,,,,0.0,hyperliquid,,,True,-2473669.76545,2762257.072547,0.24991393,0,0,0,50,-0.10139786,1.05419724,,,,,,0.0,0.0,0.0,,,11052833.43
0xdcac85ecae7148886029c20e661d848a4de99ce2,19851041.902432,F_detail_pending_excluded,top100 leaderboard row read; public position/fill detail deferred to deep-dive sessions,,,,,,fresh_api:leaderboard_only_detail_pending,,0.0,True,0.0,0.0,0,False,0,{},,0.0,,,,,0.0,hyperliquid,,,True,25026612.872432,2741718.62197,0.00157194,0,0,0,51,0.77034002,0.35271511,,,,,,0.0,0.0,0.0,,,1744167202.23
0x9dcf1c87b82a35519a430457c1157f21e68f302d,17874999.332342,F_detail_pending_excluded,top100 leaderboard row read; public position/fill detail deferred to deep-dive sessions,,,,,,fresh_api:leaderboard_only_detail_pending,,0.0,True,0.0,0.0,0,False,0,{},,0.0,,,,,0.0,hyperliquid,,,True,2702875.702342,2702875.702342,0.01342178,0,0,0,52,0.17814749,0.17814749,,,,,,0.0,0.0,0.0,,,201379824.64
0x57dd78cd36e76e2011e8f6dc25cabbaba994494b,18341571.690131,F_detail_pending_excluded,top100 leaderboard row read; public position/fill detail deferred to deep-dive sessions,,,,,,fresh_api:leaderboard_only_detail_pending,,0.0,True,0.0,0.0,0,False,0,{},,0.0,,,,,0.0,hyperliquid,,,True,-10216924.656574,2603562.60197,0.00022949,0,0,0,53,-0.18769198,0.0659427,,,,,,0.0,0.0,0.0,,,11345200240.550001
0x8cc94dc843e1ea7a19805e0cca43001123512b6a,5826220.555325,F_detail_pending_excluded,top100 leaderboard row read; public position/fill detail deferred to deep-dive sessions,,,,,,fresh_api:leaderboard_only_detail_pending,,0.0,True,0.0,0.0,0,False,0,{},,0.0,,,,,0.0,hyperliquid,,,True,23076447.905325,2527406.798036,0.08213935,0,0,0,54,1.05487829,0.45883527,,,,,,0.0,0.0,0.0,,,30769743.37
0xad227f63d34e7251c1d0ab65e64eeea07aee4e44,4575350.773054,F_detail_pending_excluded,top100 leaderboard row read; public position/fill detail deferred to deep-dive sessions,,,,,,fresh_api:leaderboard_only_detail_pending,,0.0,True,0.0,0.0,0,False,0,{},,0.0,,,,,0.0,hyperliquid,,,True,3617898.103054,2462216.072865,0.00810682,0,0,0,55,2.11388325,1.47131494,,,,,,0.0,0.0,0.0,,,303721738.58
0x6df99d59cdada18ade521e05edd5e6a2ec91b734,7194910.555875,F_detail_pending_excluded,top100 leaderboard row read; public position/fill detail deferred to deep-dive sessions,,,,,,fresh_api:leaderboard_only_detail_pending,,0.0,True,0.0,0.0,0,False,0,{},,0.0,,,,,0.0,hyperliquid,,,True,9549914.225875,2442580.128517,0.13547184,0,0,0,56,0.46870346,0.24504492,,,,,,0.0,0.0,0.0,,,18030168.78
0x007c20e5c339015c924735cf76cb092bc5d9bacc,5941586.334886,F_detail_pending_excluded,top100 leaderboard row read; public position/fill detail deferred to deep-dive sessions,,,,,,fresh_api:leaderboard_only_detail_pending,,0.0,True,0.0,0.0,0,False,0,{},,0.0,,,,,0.0,hyperliquid,,,True,2021436.264886,2356579.980079,0.01228107,0,0,0,57,0.2180586,0.42263045,,,,,,0.0,0.0,0.0,,,191887173.96
0xd8c5228c515db3043dfa0c8cd6f22450ee9a99b0,18257405.182773,F_detail_pending_excluded,top100 leaderboard row read; public position/fill detail deferred to deep-dive sessions,,,,,,fresh_api:leaderboard_only_detail_pending,,0.0,True,0.0,0.0,0,False,0,{},,0.0,,,,,0.0,hyperliquid,,,True,5714529.392773,2318027.765257,0.01564898,0,0,0,58,0.40037687,0.15744507,,,,,,0.0,0.0,0.0,,,148126411.76
0x3b883b85fd41b81ef23b6041248bc6ac0b1c04a7,2565076.911358,F_detail_pending_excluded,top100 leaderboard row read; public position/fill detail deferred to deep-dive sessions,,,,,,fresh_api:leaderboard_only_detail_pending,,0.0,True,0.0,0.0,0,False,0,{},,0.0,,,,,0.0,hyperliquid,,,True,1116522.404696,2281686.268322,0.01223206,0,0,0,59,0.40520886,2.03944427,,,,,,0.0,0.0,0.0,,,186533345.58
0x6bb971430554e3af58fbd469bce46ab2359a2d23,4578312.056666,F_detail_pending_excluded,top100 leaderboard row read; public position/fill detail deferred to deep-dive sessions,,,,,,fresh_api:leaderboard_only_detail_pending,,0.0,True,0.0,0.0,0,False,0,{},,0.0,,,,,0.0,hyperliquid,,,True,4641055.726666,2201059.621429,0.06484874,0,0,0,60,1.43234417,0.80908245,,,,,,0.0,0.0,0.0,,,33941438.16
0x06cecfbac34101ae41c88ebc2450f8602b3d164b,3381833.220533,F_detail_pending_excluded,top100 leaderboard row read; public position/fill detail deferred to deep-dive sessions,,,,,,fresh_api:leaderboard_only_detail_pending,,0.0,True,0.0,0.0,0,False,0,{},,0.0,,,,,0.0,hyperliquid,,,True,14046164.940533,2199248.659211,0.31381131,0,0,0,61,3.66646205,0.67007547,,,,,,0.0,0.0,0.0,,,7008188.07
0xf02d16a272a842f8bac1d9a9e773aba1933454c6,19712833.910976,F_detail_pending_excluded,top100 leaderboard row read; public position/fill detail deferred to deep-dive sessions,,,,,,fresh_api:leaderboard_only_detail_pending,,0.0,True,0.0,0.0,0,False,0,{},,0.0,,,,,0.0,hyperliquid,,,True,3218476.780976,2160627.009052,0.02212892,0,0,0,62,0.1740248,0.74839171,,,,,,0.0,0.0,0.0,,,97638178.17
0x4f7634c03ec4e87e14725c84913ade523c6fad5a,4229390.854109,F_detail_pending_excluded,top100 leaderboard row read; public position/fill detail deferred to deep-dive sessions,,,,,,fresh_api:leaderboard_only_detail_pending,,0.0,True,0.0,0.0,0,False,0,{},,0.0,,,,,0.0,hyperliquid,,,True,42553169.964109,2159977.830301,0.04927838,0,0,0,63,1.42437211,0.30855087,,,,,,0.0,0.0,0.0,,,43832164.06
0xa445a0a15b1d50fa0c4bfe6796d9447e0da5329d,13903186.864606,F_detail_pending_excluded,top100 leaderboard row read; public position/fill detail deferred to deep-dive sessions,,,,,,fresh_api:leaderboard_only_detail_pending,,0.0,True,0.0,0.0,0,False,0,{},,0.0,,,,,0.0,hyperliquid,,,True,7818759.444606,2150803.787442,0.00206254,0,0,0,64,0.88180586,0.33368485,,,,,,0.0,0.0,0.0,,,1042795091.11
0x7945772aa99d08bf90e91ff1e8e77d3c11c2a7e6,222.4589,F_detail_pending_excluded,top100 leaderboard row read; public position/fill detail deferred to deep-dive sessions,,,,,,fresh_api:leaderboard_only_detail_pending,,0.0,True,0.0,0.0,0,False,0,{},,0.0,,,,,0.0,hyperliquid,,,True,1885575.67,2124385.54,0.00466796,0,0,0,65,1.52302598,2.1260103,,,,,,0.0,0.0,0.0,,,455099220.02
0xd67ca2c6f8bc84acf4fa4472b82a8740dc0a53ff,3274377.693959,F_detail_pending_excluded,top100 leaderboard row read; public position/fill detail deferred to deep-dive sessions,,,,,,fresh_api:leaderboard_only_detail_pending,,0.0,True,0.0,0.0,0,False,0,{},,0.0,,,,,0.0,hyperliquid,,,True,2987703.313959,2119435.985936,0.00524447,0,0,0,66,1.93952601,1.47869671,,,,,,0.0,0.0,0.0,,,404127505.51
0xd3cb1823da2ff584dec3f49ef6a3eea51471e5bc,7959927.795597,F_detail_pending_excluded,top100 leaderboard row read; public position/fill detail deferred to deep-dive sessions,,,,,,fresh_api:leaderboard_only_detail_pending,,0.0,True,0.0,0.0,0,False,0,{},,0.0,,,,,0.0,hyperliquid,,,True,9803386.275597,2082900.41078,0.0,0,0,0,67,2.4816945,0.289535,,,,,,0.0,0.0,0.0,,,0.0
0xdfd526409007db0d524a62dedaaba7706736d88e,23067085.73635,F_detail_pending_excluded,top100 leaderboard row read; public position/fill detail deferred to deep-dive sessions,,,,,,fresh_api:leaderboard_only_detail_pending,,0.0,True,0.0,0.0,0,False,0,{},,0.0,,,,,0.0,hyperliquid,,,True,-1598451.55365,2034234.325394,0.04693814,0,0,0,68,-0.03694336,0.33201582,,,,,,0.0,0.0,0.0,,,43338625.65
0xc926ddba8b7617dbc65712f20cf8e1b58b8598d3,12576641.45288,F_detail_pending_excluded,top100 leaderboard row read; public position/fill detail deferred to deep-dive sessions,,,,,,fresh_api:leaderboard_only_detail_pending,,0.0,True,0.0,0.0,0,False,0,{},,0.0,,,,,0.0,hyperliquid,,,True,10897714.94288,1987710.151105,0.00033459,0,0,0,69,0.959519,0.44455994,,,,,,0.0,0.0,0.0,,,5940696603.41
0x525232cb6ed5030d2b052b36bfc0baec96986ee3,7933034.014759,F_detail_pending_excluded,top100 leaderboard row read; public position/fill detail deferred to deep-dive sessions,,,,,,fresh_api:leaderboard_only_detail_pending,,0.0,True,0.0,0.0,0,False,0,{},,0.0,,,,,0.0,hyperliquid,z3ro2,,True,-4359218.495241,1982531.381198,0.02123702,0,0,0,70,-0.35405532,0.96604235,,,,,,0.0,0.0,0.0,,,93352608.12
0xc6758a779bccee1ef0190dbe8292fdf44076795d,2135664.753381,F_detail_pending_excluded,top100 leaderboard row read; public position/fill detail deferred to deep-dive sessions,,,,,,fresh_api:leaderboard_only_detail_pending,,0.0,True,0.0,0.0,0,False,0,{},,0.0,,,,,0.0,hyperliquid,,,True,4857063.033381,1967629.584977,0.06565246,0,0,0,71,13.55597054,0.82944796,,,,,,0.0,0.0,0.0,,,29970387.01
0xae6446c95cc4e455e9cf56f28757ab728d88e81e,11008404.676988,F_detail_pending_excluded,top100 leaderboard row read; public position/fill detail deferred to deep-dive sessions,,,,,,fresh_api:leaderboard_only_detail_pending,,0.0,True,0.0,0.0,0,False,0,{},,0.0,,,,,0.0,hyperliquid,,,True,4824864.286988,1942699.824439,0.00260446,0,0,0,72,0.42239329,0.1828961,,,,,,0.0,0.0,0.0,,,745912865.01
0xa6ee1ed1ae80b8352603654b39f5e7b9bedd5078,4656267.309009,F_detail_pending_excluded,top100 leaderboard row read; public position/fill detail deferred to deep-dive sessions,,,,,,fresh_api:leaderboard_only_detail_pending,,0.0,True,0.0,0.0,0,False,0,{},,0.0,,,,,0.0,hyperliquid,,,True,1718719.799009,1937474.081263,0.0008267,0,0,0,73,0.27049495,1.25430774,,,,,,0.0,0.0,0.0,,,2343623618.94
0x577ae91c7b74f04ddb3a5b399ded8318e9895fd2,165.770962,F_detail_pending_excluded,top100 leaderboard row read; public position/fill detail deferred to deep-dive sessions,,,,,,fresh_api:leaderboard_only_detail_pending,,0.0,True,0.0,0.0,0,False,0,{},,0.0,,,,,0.0,hyperliquid,,,True,11049646.16,1931247.756397,0.02241535,0,0,0,74,2.68051632,0.14585495,,,,,,0.0,0.0,0.0,,,86157373.71
0x66f889094739dbb7d20aa60f645acd88feba75a9,1547590.385216,F_detail_pending_excluded,top100 leaderboard row read; public position/fill detail deferred to deep-dive sessions,,,,,,fresh_api:leaderboard_only_detail_pending,,0.0,True,0.0,0.0,0,False,0,{},,0.0,,,,,0.0,hyperliquid,,,True,-425178.684784,1904580.889851,0.00494983,0,0,0,75,-0.07118619,0.5674066,,,,,,0.0,0.0,0.0,,,384776920.44
0x5559da6ec434c5723d0ce9c4da7f29e3f8a3d43b,7172635.671041,F_detail_pending_excluded,top100 leaderboard row read; public position/fill detail deferred to deep-dive sessions,,,,,,fresh_api:leaderboard_only_detail_pending,,0.0,True,0.0,0.0,0,False,0,{},,0.0,,,,,0.0,hyperliquid,,,True,9571336.321041,1859942.778075,0.0,0,0,0,76,3.36363847,0.35008759,,,,,,0.0,0.0,0.0,,,0.0
0x49e96e255ba418d08e66c35b588e2f2f3766e1d0,28042816.801597,F_detail_pending_excluded,top100 leaderboard row read; public position/fill detail deferred to deep-dive sessions,,,,,,fresh_api:leaderboard_only_detail_pending,,0.0,True,0.0,0.0,0,False,0,{},,0.0,,,,,0.0,hyperliquid,,,True,5023152.821597,1849558.167379,0.00131029,0,0,0,77,0.1603532,0.08383621,,,,,,0.0,0.0,0.0,,,1411565194.14
0xa87a233e8a7d8951ff790a2e39738086cb5f71b7,21547690.600022,F_detail_pending_excluded,top100 leaderboard row read; public position/fill detail deferred to deep-dive sessions,,,,,,fresh_api:leaderboard_only_detail_pending,,0.0,True,0.0,0.0,0,False,0,{},,0.0,,,,,0.0,hyperliquid,,,True,40518439.820022,1833976.921859,22.20891002,0,0,0,78,1.28535315,1.00972076,,,,,,0.0,0.0,0.0,,,82578.43
0x350e33a777d510616fbdb483d1de3b50d1edfcfb,4084652.473689,F_detail_pending_excluded,top100 leaderboard row read; public position/fill detail deferred to deep-dive sessions,,,,,,fresh_api:leaderboard_only_detail_pending,,0.0,True,0.0,0.0,0,False,0,{},,0.0,,,,,0.0,hyperliquid,,,True,15636152.153689,1825925.319542,0.00514113,0,0,0,79,115.97557788,1.43696421,,,,,,0.0,0.0,0.0,,,355160139.04
0x51f63885534cb494f4592a0311551f369bff2b39,4165725.886402,F_detail_pending_excluded,top100 leaderboard row read; public position/fill detail deferred to deep-dive sessions,,,,,,fresh_api:leaderboard_only_detail_pending,,0.0,True,0.0,0.0,0,False,0,{},,0.0,,,,,0.0,hyperliquid,,,True,-1708833.273598,1710394.372227,0.01231119,0,0,0,80,-0.18817249,0.3020842,,,,,,0.0,0.0,0.0,,,138930109.36
0x7717a7a245d9f950e586822b8c9b46863ed7bd7e,6412981.908482,F_detail_pending_excluded,top100 leaderboard row read; public position/fill detail deferred to deep-dive sessions,,,,,,fresh_api:leaderboard_only_detail_pending,,0.0,True,0.0,0.0,0,False,0,{},,0.0,,,,,0.0,hyperliquid,,,True,23002877.368482,1698814.60588,0.00137328,0,0,0,81,1.12726655,0.21342259,,,,,,0.0,0.0,0.0,,,1237047663.05
0x3440f23a87f1950e7a88cd248fd270e92d1132c5,2925204.633292,F_detail_pending_excluded,top100 leaderboard row read; public position/fill detail deferred to deep-dive sessions,,,,,,fresh_api:leaderboard_only_detail_pending,,0.0,True,0.0,0.0,0,False,0,{},,0.0,,,,,0.0,hyperliquid,,,True,4096877.463292,1698085.003358,0.02477454,0,0,0,82,0.39415533,0.85886425,,,,,,0.0,0.0,0.0,,,68541522.3
0x2d23b731e5f04996a2dfdbe434c7d922afdb5e00,7838593.121378,F_detail_pending_excluded,top100 leaderboard row read; public position/fill detail deferred to deep-dive sessions,,,,,,fresh_api:leaderboard_only_detail_pending,,0.0,True,0.0,0.0,0,False,0,{},,0.0,,,,,0.0,hyperliquid,thank you JEFF,,True,20699228.051378,1697772.159611,0.007047,0,0,0,83,3.12547724,0.28678647,,,,,,0.0,0.0,0.0,,,240921095.93
0xdf9ea6ec3b7109935ccb4fb267e15ac1fb077ab1,3290438.474753,F_detail_pending_excluded,top100 leaderboard row read; public position/fill detail deferred to deep-dive sessions,,,,,,fresh_api:leaderboard_only_detail_pending,,0.0,True,0.0,0.0,0,False,0,{},,0.0,,,,,0.0,hyperliquid,,,True,7970234.614753,1661629.807927,0.00010493,0,0,0,84,0.38814968,0.33336426,,,,,,0.0,0.0,0.0,,,15836028405.440004
0x9cc53c5af67fb83a16cc41f61e242bade875ab3d,2010589.168587,F_detail_pending_excluded,top100 leaderboard row read; public position/fill detail deferred to deep-dive sessions,,,,,,fresh_api:leaderboard_only_detail_pending,,0.0,True,0.0,0.0,0,False,0,{},,0.0,,,,,0.0,hyperliquid,,,True,1745282.188587,1653339.929154,0.00200747,0,0,0,85,0.58316393,0.57660915,,,,,,0.0,0.0,0.0,,,823595591.57
0xaeaab54bbf65bfd6efed7d2eb68372298e3c2416,9100604.189142,F_detail_pending_excluded,top100 leaderboard row read; public position/fill detail deferred to deep-dive sessions,,,,,,fresh_api:leaderboard_only_detail_pending,,0.0,True,0.0,0.0,0,False,0,{},,0.0,,,,,0.0,hyperliquid,,,True,1652218.559142,1652218.559142,0.00323539,0,0,0,86,0.22182237,0.22182237,,,,,,0.0,0.0,0.0,,,510670075.61
0x91a9cadcd7e36cbe8ff604cb634307d7b7643f70,4996422.172562,F_detail_pending_excluded,top100 leaderboard row read; public position/fill detail deferred to deep-dive sessions,,,,,,fresh_api:leaderboard_only_detail_pending,,0.0,True,0.0,0.0,0,False,0,{},,0.0,,,,,0.0,hyperliquid,,,True,1696403.172562,1633000.986549,0.56076897,0,0,0,87,0.26934684,0.91030205,,,,,,0.0,0.0,0.0,,,2912074.47
0xc7290b4b308431a985fa9e3e8a335c2f7650517c,2204840.514419,F_detail_pending_excluded,top100 leaderboard row read; public position/fill detail deferred to deep-dive sessions,,,,,,fresh_api:leaderboard_only_detail_pending,,0.0,True,0.0,0.0,0,False,0,{},,0.0,,,,,0.0,hyperliquid,,,True,6279999.724419,1578940.295847,0.19759826,0,0,0,88,2.15792005,0.34087987,,,,,,0.0,0.0,0.0,,,7990659.07
0x71dfc07de32c2ebf1c4801f4b1c9e40b76d4a23d,7643028.131554,F_detail_pending_excluded,top100 leaderboard row read; public position/fill detail deferred to deep-dive sessions,,,,,,fresh_api:leaderboard_only_detail_pending,,0.0,True,0.0,0.0,0,False,0,{},,0.0,,,,,0.0,hyperliquid,VidaBWE,,True,15040317.071554,1514257.096784,0.26089566,0,0,0,89,2.18645833,0.46326846,,,,,,0.0,0.0,0.0,,,5804071.55
0xebe837cd345469cbc5d6e1fd3d15ee5079ac885f,11477177.703498,F_detail_pending_excluded,top100 leaderboard row read; public position/fill detail deferred to deep-dive sessions,,,,,,fresh_api:leaderboard_only_detail_pending,,0.0,True,0.0,0.0,0,False,0,{},,0.0,,,,,0.0,hyperliquid,,,True,-3533474.09,1507253.476329,0.0074868,0,0,0,90,-0.18626598,0.15117548,,,,,,0.0,0.0,0.0,,,201321524.55
0x404ca2035b37bf2e83505134ebcf8d03babb5f03,1175732.200293,F_detail_pending_excluded,top100 leaderboard row read; public position/fill detail deferred to deep-dive sessions,,,,,,fresh_api:leaderboard_only_detail_pending,,0.0,True,0.0,0.0,0,False,0,{},,0.0,,,,,0.0,hyperliquid,,,True,7007898.080293,1484898.370079,0.40262211,0,0,0,91,4.01061521,1.53476236,,,,,,0.0,0.0,0.0,,,3688069.66
0x418aa6bf98a2b2bc93779f810330d88cde488888,4900372.864367,F_detail_pending_excluded,top100 leaderboard row read; public position/fill detail deferred to deep-dive sessions,,,,,,fresh_api:leaderboard_only_detail_pending,,0.0,True,0.0,0.0,0,False,0,{},,0.0,,,,,0.0,hyperliquid,,,True,35555312.504367,1484460.675661,0.01396835,0,0,0,92,2.53717514,1.79072544,,,,,,0.0,0.0,0.0,,,106273157.06
0xa8cde6a19789e4d7964ce0e3da14aa29291d7275,4812156.861469,F_detail_pending_excluded,top100 leaderboard row read; public position/fill detail deferred to deep-dive sessions,,,,,,fresh_api:leaderboard_only_detail_pending,,0.0,True,0.0,0.0,0,False,0,{},,0.0,,,,,0.0,hyperliquid,,,True,-4550087.582655,1461028.128201,0.01123107,0,0,0,93,-0.53207316,0.57509371,,,,,,0.0,0.0,0.0,,,130088097.16
0x6355f7cf36b24044cd5b089a845113327d0ee58e,13933820.364303,F_detail_pending_excluded,top100 leaderboard row read; public position/fill detail deferred to deep-dive sessions,,,,,,fresh_api:leaderboard_only_detail_pending,,0.0,True,0.0,0.0,0,False,0,{},,0.0,,,,,0.0,hyperliquid,,,True,7163035.544303,1457417.154622,0.00118589,0,0,0,94,0.17935884,0.03695789,,,,,,0.0,0.0,0.0,,,1228967866.28
0x484bc1608211d0604bf70bae72792a56884562f8,19083710.192591,F_detail_pending_excluded,top100 leaderboard row read; public position/fill detail deferred to deep-dive sessions,,,,,,fresh_api:leaderboard_only_detail_pending,,0.0,True,0.0,0.0,0,False,0,{},,0.0,,,,,0.0,hyperliquid,,,True,3995135.852591,1457346.634245,0.03372765,0,0,0,95,0.20446138,0.18223394,,,,,,0.0,0.0,0.0,,,43209249.94
0xa65ce1d604fa901c13aa29f2126a57d9032e412b,11930927.968093,F_detail_pending_excluded,top100 leaderboard row read; public position/fill detail deferred to deep-dive sessions,,,,,,fresh_api:leaderboard_only_detail_pending,,0.0,True,0.0,0.0,0,False,0,{},,0.0,,,,,0.0,hyperliquid,,,True,9192084.568093,1449004.325668,0.06754493,0,0,0,96,1.32121788,0.13832445,,,,,,0.0,0.0,0.0,,,21452450.33
0x4cd80aa0ce4881eb8679eda1f6fbe3d89aec0f7f,2181684.227966,F_detail_pending_excluded,top100 leaderboard row read; public position/fill detail deferred to deep-dive sessions,,,,,,fresh_api:leaderboard_only_detail_pending,,0.0,True,0.0,0.0,0,False,0,{},,0.0,,,,,0.0,hyperliquid,,,True,2084504.926132,1429535.190085,0.11994247,0,0,0,97,0.64198516,0.99832324,,,,,,0.0,0.0,0.0,,,11918506.86
0x7839e2f2c375dd2935193f2736167514efff9916,12601018.872839,F_detail_pending_excluded,top100 leaderboard row read; public position/fill detail deferred to deep-dive sessions,,,,,,fresh_api:leaderboard_only_detail_pending,,0.0,True,0.0,0.0,0,False,0,{},,0.0,,,,,0.0,hyperliquid,,,True,17077677.652839,1426659.724691,5.321e-05,0,0,0,98,2.14229757,0.20888712,,,,,,0.0,0.0,0.0,,,26809434231.780006
0x1f793d9f0368c1da329cb112212d81d521e7a9b8,3834713.936107,F_detail_pending_excluded,top100 leaderboard row read; public position/fill detail deferred to deep-dive sessions,,,,,,fresh_api:leaderboard_only_detail_pending,,0.0,True,0.0,0.0,0,False,0,{},,0.0,,,,,0.0,hyperliquid,,,True,4409859.486107,1417278.938851,0.81215109,0,0,0,99,0.57448369,1.33304372,,,,,,0.0,0.0,0.0,,,1745092.7
0x4a96036fb1529561fa3eeeb2781fad2d4f25500e,3004686.941754,F_detail_pending_excluded,top100 leaderboard row read; public position/fill detail deferred to deep-dive sessions,,,,,,fresh_api:leaderboard_only_detail_pending,,0.0,True,0.0,0.0,0,False,0,{},,0.0,,,,,0.0,hyperliquid,,,True,13849884.741754,1408404.462436,0.11822181,0,0,0,100,2.77546633,0.79013632,,,,,,0.0,0.0,0.0,,,11913237.36
