market,rank,account,name,account_value,pnl_month,roi_month,volume_month,pnl_per_volume,pnl_all_time,roi_all_time,position_count,position_notional,position_upnl,margin_used,top_position_coin,top_position_value,top_position_share,top_position_leverage,fill_count_recent,fill_count_capped_at_2000,fill_coin_count,dominant_fill_coin,dominant_fill_share,fill_notional_recent,fees_recent,fee_bps_recent,fill_start,fill_end,fill_dirs,classification,excluded,classification_reasons,data_source,not_trade_recommended
hyperliquid,1,0x0ddf9bae2af4b874b96d287a5ad42eb47138a902,Penision Fund,28779448.276308,16762611.995774,0.50832115,438135073.2,0.03825901,46540014.636308,1.55079422,1,82310000.0,2693349.154357,27436666.666666,ETH,82310000.0,1.0,3.0,2000,True,1,ETH,1.0,39926225.51691,7596.195686,1.902558,2026-06-21T10:57:04.522000+00:00,2026-06-26T03:46:23.686000+00:00,"{""Close Short"": 1104, ""Open Short"": 896}",D_hl_concentrated_directional,False,few active positions; top position dominates current notional; recent fills concentrated in one coin,fresh_api:fresh_public_detail,True
hyperliquid,2,0x7fdafde5cfb5465924316eced2d3715494c517d1,BobbyBigSize,28865659.598507,16649303.976956,0.43298364,1531033122.5,0.01087456,185811349.338507,3.00662712,27,87274878.871493,3460673.070497,8402057.167516,BTC,36916812.73478,0.422995,20.0,2000,True,9,BTC,0.3635,3573403.894587,35.733026,0.099997,2026-07-02T08:54:51.203000+00:00,2026-07-02T10:20:24.040000+00:00,"{""Close Long"": 269, ""Close Short"": 113, ""Open Long"": 210, ""Open Short"": 1408}",E_hl_high_turnover_multi_asset,False,many recent fills; multi-asset recent activity; multiple active positions; fills not fully dominated by a single coin,fresh_api:fresh_public_detail,True
hyperliquid,3,0x17c3c8fdbcb7d1b240ce08965e09b1fc91cba868,,24557550.333583,14813429.257143,0.42202428,501698134.23,0.02952658,8615318.756246,0.20430777,14,1482292.141842,-4562.855886,484454.010516,NEAR,517233.77226,0.348942,3.0,2000,True,15,xyz:SPCX,0.3745,3035293.644206,59.010195,0.194413,2026-07-01T17:30:01.367000+00:00,2026-07-02T10:16:23.448000+00:00,"{""Buy"": 1, ""Close Long"": 680, ""Close Short"": 592, ""Open Long"": 286, ""Open Short"": 440, ""Short > Long"": 1}",E_hl_high_turnover_multi_asset,False,many recent fills; multi-asset recent activity; multiple active positions; fills not fully dominated by a single coin,fresh_api:fresh_public_detail,True
hyperliquid,4,0xfc667adba8d4837586078f4fdcdc29804337ca06,,70100996.381736,13166099.828094,0.14485145,7451356167.35,0.00176694,34001022.891736,0.33766661,6,20259995.51506,-557014.832545,1527232.176578,ETH,6336836.1864,0.312776,20.0,2000,True,37,xyz:SPCX,0.159,12331969.048795,42.853701,0.03475,2026-07-02T08:24:23.692000+00:00,2026-07-02T10:20:27.628000+00:00,"{""Close Long"": 450, ""Close Short"": 535, ""Open Long"": 182, ""Open Short"": 805, ""Sell"": 28}",E_hl_high_turnover_multi_asset,False,many recent fills; multi-asset recent activity; multiple active positions; fills not fully dominated by a single coin,fresh_api:fresh_public_detail,True
hyperliquid,5,0xb83de012dba672c76a7dbbbf3e459cb59d7d6e36,,91182253.131336,12445827.745577,0.58942859,128248179.68,0.09704487,136502324.682975,0.96214715,12,56946360.748006,2400722.924364,11293928.998432,HYPE,55770847.8801,0.979358,5.0,2000,True,3,xyz:GOLD,0.474,2256858.89391,633.975287,2.809105,2026-06-29T18:18:06.523000+00:00,2026-07-02T02:08:56.804000+00:00,"{""Buy"": 632, ""Close Short"": 1, ""Open Short"": 1360, ""Sell"": 7}",E_hl_high_turnover_multi_asset,False,active recent trading; several traded assets,fresh_api:fresh_public_detail,True
hyperliquid,6,0xf822fa0fd364c573fcdb7009fcf47601bc8be01a,,36901853.63665,11598312.531395,0.38273813,234411135.94,0.0494785,12601546.78665,0.43008272,5,110080864.22204,1580540.246476,36693621.407345,BTC,45778978.0582,0.415867,3.0,2000,True,3,SOL,0.7215,1124745.23783,44.988822,0.399991,2026-07-02T05:26:29.042000+00:00,2026-07-02T09:30:51.704000+00:00,"{""Open Short"": 2000}",E_hl_high_turnover_multi_asset,False,active recent trading; several traded assets,fresh_api:fresh_public_detail,True
hyperliquid,7,0x87f9cd15f5050a9283b8896300f7c8cf69ece2cf,,82372009.992004,11514571.831012,0.14988961,33082583627.120007,0.00034806,78165317.612004,0.46965603,0,0,0,0.0,,0.0,0.0,0.0,119,False,1,BTC,1.0,103481.09488,15.522103,1.499994,2025-06-13T17:42:30.169000+00:00,2025-06-13T18:05:58.014000+00:00,"{""Close Long"": 16, ""Close Short"": 12, ""Long > Short"": 38, ""Open Long"": 7, ""Open Short"": 8, ""Short > Long"": 38}",F_anomaly_or_unclear_excluded,True,does not cleanly meet D/E thresholds or public detail incomplete,fresh_api:fresh_public_detail,True
hyperliquid,8,0xecb63caa47c7c4e77f60f1ce858cf28dc2b82b00,,92020811.835142,10312097.344002,0.09653661,9923329589.23,0.00103918,222126410.625142,2.20065113,82,95886943.087154,-1366550.672084,10656238.662238,ETH,33700481.75014,0.351461,15.0,2000,True,97,ASTER,0.0875,2976823.421135,109.221625,0.366907,2026-07-02T10:02:26.674000+00:00,2026-07-02T10:20:30.392000+00:00,"{""Buy"": 132, ""Close Long"": 231, ""Close Short"": 527, ""Long > Short"": 1, ""Open Long"": 240, ""Open Short"": 775, ""Sell"": 93, ""Short > Long"": 1}",E_hl_high_turnover_multi_asset,False,many recent fills; multi-asset recent activity; multiple active positions; fills not fully dominated by a single coin,fresh_api:fresh_public_detail,True
hyperliquid,9,0x45d26f28196d226497130c4bac709d808fed4029,,32810769.346784,9287513.671135,0.71126739,4277143.68,2.17142896,79286080.936784,1.68241336,44,49804478.6569,7075751.738126,4590244.634631,HYPE,27842713.2,0.55904,10.0,2000,True,6,xyz:BRENTOIL,0.3365,5449320.727014,870.093233,1.5967,2026-06-01T05:43:45.182000+00:00,2026-06-26T13:20:40.523000+00:00,"{""Close Short"": 1079, ""Open Long"": 31, ""Open Short"": 420, ""Sell"": 469, ""Short > Long"": 1}",E_hl_high_turnover_multi_asset,False,many recent fills; multi-asset recent activity; multiple active positions; fills not fully dominated by a single coin,fresh_api:fresh_public_detail,True
hyperliquid,10,0x8cfac7c6f03e00db2f298699df96933a9694b6ab,,9769447.006344,9105144.993787,13.7063336,0.0,0.0,10097954.536344,100979.54536344,0,0,0,0.0,,0.0,0.0,0.0,1,False,1,@4,1.0,0.888138,0.0,0.0,2026-01-07T00:00:00.119000+00:00,2026-01-07T00:00:00.119000+00:00,"{""Spot Dust Conversion"": 1}",F_anomaly_excluded,True,positive PnL with zero/invalid monthly volume,fresh_api:fresh_public_detail,True
hyperliquid,11,0xebe126adabe1a8f08d3ce53b45e7cc994ca14070,,17885959.327322,8182320.348868,0.77165211,36630169.25,0.22337654,-379136.882678,-0.0110972,0,0,0,0.0,,0.0,0.0,0.0,2000,True,1,xyz:SKHX,1.0,5122844.8246,162.383474,0.316979,2026-06-25T00:56:55.021000+00:00,2026-06-30T23:01:35.615000+00:00,"{""Close Short"": 171, ""Open Short"": 1829}",F_anomaly_or_unclear_excluded,True,does not cleanly meet D/E thresholds or public detail incomplete,fresh_api:fresh_public_detail,True
hyperliquid,12,0x4e23288cee4960f9f962195c22948e4bc7ae20c3,,25219464.396736,7897971.179436,0.58453803,2145411358.87,0.00368133,11878918.156736,0.88312287,5,6131.845214,-182.30858,567.865707,WLD,3228.13119,0.526453,10.0,2000,True,4,xyz:SPCX,0.49,8266283.18869,133.446904,0.161435,2026-07-01T17:37:27.273000+00:00,2026-07-02T05:54:07.126000+00:00,"{""Buy"": 213, ""Close Short"": 807, ""Open Long"": 980}",E_hl_high_turnover_multi_asset,False,active recent trading; several traded assets,fresh_api:fresh_public_detail,True
hyperliquid,13,0xfc27136e42af1732ddc9ce2605ea9bff1b959d9d,,16843948.062557,7679671.92161,0.30533967,1888437093.0,0.00406668,7404495.672557,0.29040139,1,2166075.72664,-18473.595063,216607.572664,BTC,2166075.72664,1.0,10.0,2000,True,51,xyz:META,0.219,4676190.800189,145.980838,0.312179,2026-07-02T07:02:16.744000+00:00,2026-07-02T10:19:57.758000+00:00,"{""Close Long"": 136, ""Close Short"": 844, ""Long > Short"": 3, ""Open Long"": 469, ""Open Short"": 546, ""Short > Long"": 2}",D_hl_concentrated_directional,False,few active positions; top position dominates current notional,fresh_api:fresh_public_detail,True
hyperliquid,14,0xd47587702a91731dc1089b5db0932cf820151a91,,56262663.995272,7572295.632394,0.13883442,196795795.48,0.03847793,87994174.304088,0.71175626,12,31863604.343166,-4360097.22171,6328505.662188,HYPE,27407382.60231,0.860147,5.0,2000,True,4,HYPE,0.6815,749193.2642,64.195461,0.856861,2026-06-30T10:40:53.248000+00:00,2026-07-01T22:09:39.445000+00:00,"{""Close Short"": 1884, ""Sell"": 116}",E_hl_high_turnover_multi_asset,False,active recent trading; several traded assets,fresh_api:fresh_public_detail,True
hyperliquid,15,0xa312114b5795dff9b8db50474dd57701aa78ad1e,,24665095.424225,7568993.764223,0.61740997,292094182.78,0.02591285,97308687.404225,3.38972062,14,16817487.04956,1531470.267028,1897772.797495,HYPE,13258339.73808,0.788366,10.0,2000,True,15,xyz:SMH,0.267,1902093.936467,212.553957,1.117473,2026-07-01T17:26:13.820000+00:00,2026-07-02T10:17:44.017000+00:00,"{""Close Short"": 753, ""Open Short"": 1043, ""Sell"": 204}",E_hl_high_turnover_multi_asset,False,many recent fills; multi-asset recent activity; multiple active positions; fills not fully dominated by a single coin,fresh_api:fresh_public_detail,True
hyperliquid,16,0x77375a8c9d13bf79afb2a87f1b0ac1dfd5f5bf66,,39106256.890435,7524054.741804,1.63324295,322821475.87,0.02330717,44030732.880435,12.23422683,5,29727457.0023,4575919.178862,3845798.14036,LIT,10513981.1059,0.353679,5.0,2000,True,59,CHIP,0.195,10999681.438513,1769.180307,1.608392,2026-04-29T20:34:23.137000+00:00,2026-07-01T16:50:06.943000+00:00,"{""Buy"": 24, ""Close Long"": 409, ""Close Short"": 917, ""Open Long"": 355, ""Open Short"": 280, ""Sell"": 13, ""Settlement"": 2}",E_hl_high_turnover_multi_asset,False,many recent fills; multi-asset recent activity; multiple active positions; fills not fully dominated by a single coin,fresh_api:fresh_public_detail,True
hyperliquid,17,0xfe7ce058edc7cfcde9ef8262ba51f8d4796ab7ae,,16976595.911925,7220571.794741,0.25499015,144511740.06,0.0499653,6765736.351925,0.23004212,5,7664707.94423,1762098.085957,781560.03251,NEAR,6147123.6167,0.802004,10.0,2000,True,11,xyz:SKHX,0.781,5672838.27846,231.019764,0.407238,2026-07-01T17:15:11.560000+00:00,2026-07-02T10:03:59.777000+00:00,"{""Close Long"": 8, ""Close Short"": 297, ""Open Long"": 128, ""Open Short"": 1567}",E_hl_high_turnover_multi_asset,False,many recent fills; multi-asset recent activity; multiple active positions,fresh_api:fresh_public_detail,True
hyperliquid,18,0xb3bd5fafb3dcb7ff0d27a6dcdb1974a2f8ac221d,,66380005.7812,7162354.8812,0.12094966,0.0,0.0,7162354.8812,0.12094966,0,0,0,0.0,,0.0,0.0,0.0,0,False,0,,0.0,0.0,0.0,0.0,,,{},F_anomaly_excluded,True,positive PnL with zero/invalid monthly volume,fresh_api:fresh_public_detail,True
hyperliquid,19,0xcf90cfecf74e631feea816d02e757c0c8e895c0e,,15501872.858095,7121404.113188,0.84976203,96031964.02,0.0741566,4358729.24223,0.39115797,1,46670440.65727,5901512.12693,15024521.079247,BTC,46670440.65727,1.0,15.0,2000,True,2,BTC,0.86,63593081.04865,20276.938804,3.188545,2026-06-02T13:31:37.342000+00:00,2026-06-02T13:39:37.390000+00:00,"{""Close Short"": 280, ""Open Short"": 1720}",D_hl_concentrated_directional,False,few active positions; top position dominates current notional; recent fills concentrated in one coin,fresh_api:fresh_public_detail,True
hyperliquid,20,0x32008fcb6bbd16532afc83ca8b6c920dde22c407,,13933315.876565,6023347.455161,0.54713843,400882549.35,0.01502522,-3651326.363435,-0.17074526,3,30137806.36469,3767686.262865,1949065.635659,BTC,20326377.28819,0.674448,21.0,2000,True,9,xyz:NATGAS,0.2525,19642022.092154,1784.554681,0.908539,2026-06-29T19:11:07.583000+00:00,2026-07-01T20:22:58.788000+00:00,"{""Close Long"": 231, ""Open Long"": 1269, ""Open Short"": 500}",E_hl_high_turnover_multi_asset,False,many recent fills; multi-asset recent activity; fills not fully dominated by a single coin,fresh_api:fresh_public_detail,True
hyperliquid,21,0x5b5d51203a0f9079f8aeb098a6523a13f298c060,,30445357.626146,5673992.745716,0.62998791,50649244.16,0.11202522,183261834.196221,0.56678088,9,23586883.208907,-276505.885045,4363113.019057,HYPE,18222503.16835,0.772569,5.0,2000,True,3,ETH,0.987,3608434.58641,905.325232,2.508914,2026-06-29T07:39:09.523000+00:00,2026-07-02T09:31:37.264000+00:00,"{""Close Short"": 1940, ""Open Long"": 46, ""Open Short"": 13, ""Short > Long"": 1}",E_hl_high_turnover_multi_asset,False,active recent trading; several traded assets,fresh_api:fresh_public_detail,True
hyperliquid,22,0x0b8aa35c28b7c6ab18f11dc168f437a8a69fd4f8,,32751470.809037,5199749.298032,0.37383462,921073620.75,0.00564531,3521544.029037,0.0995907,1,6428821.425,-3182477.32541,642882.1425,HYPE,6428821.425,1.0,10.0,2000,True,8,HYPE,0.653,2817342.5925,340.73016,1.209403,2026-02-08T12:42:02.266000+00:00,2026-06-02T09:33:04.148000+00:00,"{""Buy"": 588, ""Close Long"": 7, ""Close Short"": 4, ""Open Long"": 89, ""Open Short"": 1312}",D_hl_concentrated_directional,False,few active positions; top position dominates current notional,fresh_api:fresh_public_detail,True
hyperliquid,23,0x0ad9e656d9e6211d0ea1c5462342e1fc94cc4cbf,,10179435.419858,5179438.629858,0.25897194,233763073.2,0.02215679,5179438.629858,0.25897194,1,7512632.57628,258182.063822,1252105.42938,BTC,7512632.57628,1.0,6.0,2000,True,4,xyz:SKHX,0.58,5363087.0181,163.648474,0.305139,2026-07-01T09:07:57.480000+00:00,2026-07-01T09:40:50.136000+00:00,"{""Close Short"": 20, ""Long > Short"": 1, ""Open Short"": 1979}",D_hl_concentrated_directional,False,few active positions; top position dominates current notional,fresh_api:fresh_public_detail,True
hyperliquid,24,0x9e8b1e51c642f4c8b87c6ba11c53d516a218afc4,,10718409.87631,5118229.779154,1.03180583,430677750.88,0.01188413,24165483.86631,70.08413601,0,0,0,0.0,,0.0,0.0,0.0,2000,True,5,xyz:MU,0.465,16599184.520196,3198.321951,1.926795,2026-06-26T14:06:53.227000+00:00,2026-07-02T07:02:57.736000+00:00,"{""Close Long"": 338, ""Close Short"": 776, ""Open Long"": 592, ""Open Short"": 293, ""Sell"": 1}",E_hl_high_turnover_multi_asset,False,many recent fills; multi-asset recent activity; fills not fully dominated by a single coin,fresh_api:fresh_public_detail,True
hyperliquid,25,0x64a4fbb71858f681f3fa10a42b34180a9a48088d,,21811592.511215,4849036.385878,0.37048151,252962307.52,0.01916901,2502714.161215,0.07070158,0,0,0,0.0,,0.0,0.0,0.0,2000,True,11,@243,0.7565,3201399.968756,5085.449013,15.885079,2026-02-02T11:01:53.279000+00:00,2026-06-04T04:25:01.131000+00:00,"{""Buy"": 968, ""Close Long"": 11, ""Close Short"": 338, ""Open Long"": 16, ""Open Short"": 102, ""Sell"": 560, ""Spot Dust Conversion"": 5}",E_hl_high_turnover_multi_asset,False,many recent fills; multi-asset recent activity,fresh_api:fresh_public_detail,True
hyperliquid,26,0x936cf4fb95c30ce83f658b5bbb247e4bb381bb0f,,10917697.755198,4360210.966689,0.22366999,448132261.18,0.00972974,9016494.097138,0.4256641,17,14781722.511765,119259.772855,812216.758109,BTC,8873738.41272,0.600318,20.0,2000,True,15,LIT,0.273,380801.715947,33.246361,0.873062,2026-07-02T05:06:51.763000+00:00,2026-07-02T10:19:03.470000+00:00,"{""Close Long"": 29, ""Close Short"": 805, ""Long > Short"": 2, ""Open Long"": 6, ""Open Short"": 1157, ""Short > Long"": 1}",E_hl_high_turnover_multi_asset,False,many recent fills; multi-asset recent activity; multiple active positions; fills not fully dominated by a single coin,fresh_api:fresh_public_detail,True
hyperliquid,27,0x60a8c761f39696b3b419f31dcda20b405cb685f6,,32824630.243873,4231021.668711,0.29182912,16719468.48,0.25305958,3913436.954645,0.26413819,2,1283.555482,-115.448831,64.178498,BTC,1283.541,0.999989,20.0,2000,True,2,xyz:SPCX,0.9155,1807382.5399,54.220083,0.299992,2026-06-24T07:20:37.009000+00:00,2026-07-01T11:33:51.008000+00:00,"{""Close Short"": 1831, ""Open Short"": 169}",D_hl_concentrated_directional,False,few active positions; top position dominates current notional; recent fills concentrated in one coin,fresh_api:fresh_public_detail,True
hyperliquid,28,0xa31441e058492bc7cfffda9aa7623c407ae83a81,,15243261.549736,3726203.907893,0.33680194,364134021.78,0.01023306,10685321.661827,1.2135089,0,0,0,0.0,,0.0,0.0,0.0,2000,True,11,xyz:WDC,0.3715,7337068.884727,438.276613,0.597346,2026-07-01T17:45:01.475000+00:00,2026-07-02T09:51:45.221000+00:00,"{""Close Long"": 743, ""Close Short"": 327, ""Open Long"": 224, ""Open Short"": 706}",E_hl_high_turnover_multi_asset,False,many recent fills; multi-asset recent activity; fills not fully dominated by a single coin,fresh_api:fresh_public_detail,True
hyperliquid,29,0xcf5343ba750a6e30afbb1dadda08bc78f8c8ee11,,13899255.15397,3674121.469121,0.66524957,67355776.22,0.05454798,3899250.55397,0.38992488,4,8064750.31856,1320713.698737,2021814.882426,ETH,7693762.36992,0.953999,4.0,2000,True,12,xyz:SKHX,0.4275,8122416.149536,501.39285,0.617295,2026-06-23T13:59:17.047000+00:00,2026-07-02T08:45:31.892000+00:00,"{""Close Long"": 111, ""Close Short"": 791, ""Long > Short"": 1, ""Open Long"": 78, ""Open Short"": 1017, ""Short > Long"": 2}",E_hl_high_turnover_multi_asset,False,many recent fills; multi-asset recent activity; fills not fully dominated by a single coin,fresh_api:fresh_public_detail,True
hyperliquid,30,0x218a65e21eddeece7a9df38c6bbdd89f692b7da2,,1692569.429127,3672997.875793,0.83477645,25670540.32,0.14308222,12029817.659127,1.03137061,1,8614154.50116,2343932.307461,1605016.404121,BTC,8614154.50116,1.0,8.0,2000,True,2,ETH,0.587,40550493.34566,6248.361872,1.540884,2026-05-03T12:39:58.054000+00:00,2026-06-28T18:00:50.706000+00:00,"{""Close Short"": 1249, ""Open Short"": 751}",D_hl_concentrated_directional,False,few active positions; top position dominates current notional,fresh_api:fresh_public_detail,True
hyperliquid,31,0x3dc908374e11623d8eb9f07dfc7a2e5e803a54b0,,22928474.812894,3580064.058815,0.42230815,38433401.02,0.09314981,4728176.632894,0.13697532,0,0,0,0.0,,0.0,0.0,0.0,0,False,0,,0.0,0.0,0.0,0.0,,,{},F_anomaly_or_incomplete_excluded,True,PnL present but no public positions or fills fetched,fresh_api:fresh_public_detail,True
hyperliquid,32,0x091159a8106b077c13e89bc09701117e8b5f129a,,8925412.335649,3525525.158996,0.65288867,430463161.16,0.00819007,10259175.915649,2.01128762,0,0,0,0.0,,0.0,0.0,0.0,0,False,0,,0.0,0.0,0.0,0.0,,,{},F_anomaly_or_incomplete_excluded,True,PnL present but no public positions or fills fetched,fresh_api:fresh_public_detail,True
hyperliquid,33,0xb798aef79972ce8f73d47b9ebbcda6bbb7ec4fbf,lmlmlm,8968885.205322,3370430.091378,0.29045758,30755912.86,0.10958641,10054217.635322,1.49122681,0,0,0,0.0,,0.0,0.0,0.0,0,False,0,,0.0,0.0,0.0,0.0,,,{},F_anomaly_or_incomplete_excluded,True,PnL present but no public positions or fills fetched,fresh_api:fresh_public_detail,True
hyperliquid,34,0xefd3ab65915e35105caa462442c9ecc1346728df,2 frères 2 fauves,76830.892369,3327837.097933,0.12530394,611778795.65,0.00543961,-3514774.774494,-0.10328481,0,0,0,0.0,,0.0,0.0,0.0,0,False,0,,0.0,0.0,0.0,0.0,,,{},F_anomaly_or_incomplete_excluded,True,PnL present but no public positions or fills fetched,fresh_api:fresh_public_detail,True
hyperliquid,35,0x9cd0a696c7cbb9d44de99268194cb08e5684e5fe,,332452.113737,3225238.940628,0.36543074,167.1,19301.25039275,12175734.623646,121757.34623646,0,0,0,0.0,,0.0,0.0,0.0,0,False,0,,0.0,0.0,0.0,0.0,,,{},F_anomaly_or_incomplete_excluded,True,PnL present but no public positions or fills fetched,fresh_api:fresh_public_detail,True
hyperliquid,36,0xbcd420d13362532756c968f663f96ba95e240dd2,,5229009.754105,3177368.7145,0.61355498,221338567.11,0.01435524,7032780.625558,1.12630015,0,0,0,0.0,,0.0,0.0,0.0,0,False,0,,0.0,0.0,0.0,0.0,,,{},F_detail_pending_excluded,True,top100 leaderboard row read; public position/fill detail deferred to deep-dive sessions,fresh_api:leaderboard_only_detail_pending,True
hyperliquid,37,0x469e9a7f624b04c24f0e64edf8d8a277e6bf58a5,,16853154.727244,3146550.307677,0.49256053,777267638.26,0.00404822,18525952.297244,6.14717028,0,0,0,0.0,,0.0,0.0,0.0,0,False,0,,0.0,0.0,0.0,0.0,,,{},F_detail_pending_excluded,True,top100 leaderboard row read; public position/fill detail deferred to deep-dive sessions,fresh_api:leaderboard_only_detail_pending,True
hyperliquid,38,0x856c35038594767646266bc7fd68dc26480e910d,,63368087.821509,3141316.066882,0.0672331,1273546901.01,0.00246659,36063617.781509,0.49290038,0,0,0,0.0,,0.0,0.0,0.0,0,False,0,,0.0,0.0,0.0,0.0,,,{},F_detail_pending_excluded,True,top100 leaderboard row read; public position/fill detail deferred to deep-dive sessions,fresh_api:leaderboard_only_detail_pending,True
hyperliquid,39,0x6859da14835424957a1e6b397d8026b1d9ff7e1e,,8202783.526348,3122492.137923,0.52828428,50242449.86,0.06214848,26621696.126348,3.57787326,0,0,0,0.0,,0.0,0.0,0.0,0,False,0,,0.0,0.0,0.0,0.0,,,{},F_detail_pending_excluded,True,top100 leaderboard row read; public position/fill detail deferred to deep-dive sessions,fresh_api:leaderboard_only_detail_pending,True
hyperliquid,40,0xd4c1f7e8d876c4749228d515473d36f919583d1d,,4649179.582597,3115922.134677,0.39615801,679215392.8,0.00458753,31959096.582597,2.29359097,0,0,0,0.0,,0.0,0.0,0.0,0,False,0,,0.0,0.0,0.0,0.0,,,{},F_detail_pending_excluded,True,top100 leaderboard row read; public position/fill detail deferred to deep-dive sessions,fresh_api:leaderboard_only_detail_pending,True
hyperliquid,41,0xcac19662ec88d23fa1c81ac0e8570b0cf2ff26b3,,29175069.977108,3037749.681037,0.11306306,87211066.53,0.03483216,42128453.283423,0.39794742,0,0,0,0.0,,0.0,0.0,0.0,0,False,0,,0.0,0.0,0.0,0.0,,,{},F_detail_pending_excluded,True,top100 leaderboard row read; public position/fill detail deferred to deep-dive sessions,fresh_api:leaderboard_only_detail_pending,True
hyperliquid,42,0xd62d484bda5391d75b414e68f9ddcedb207b7d91,,9368095.083486,3029508.330906,0.47794697,0.0,0.0,5058219.583486,1.17363473,0,0,0,0.0,,0.0,0.0,0.0,0,False,0,,0.0,0.0,0.0,0.0,,,{},F_detail_pending_excluded,True,top100 leaderboard row read; public position/fill detail deferred to deep-dive sessions,fresh_api:leaderboard_only_detail_pending,True
hyperliquid,43,0x152e41f0b83e6cad4b5dc730c1d6279b7d67c9dc,,16564242.902842,3021569.401271,0.98682061,572423851.71,0.00527855,27437486.292842,2.77738216,0,0,0,0.0,,0.0,0.0,0.0,0,False,0,,0.0,0.0,0.0,0.0,,,{},F_detail_pending_excluded,True,top100 leaderboard row read; public position/fill detail deferred to deep-dive sessions,fresh_api:leaderboard_only_detail_pending,True
hyperliquid,44,0xf54ac7966dad594dc4952b3eccc8f77cd77fde92,,0.000103,2971005.305918,0.67629583,19405131.42,0.15310411,81646.570103,0.01121147,0,0,0,0.0,,0.0,0.0,0.0,0,False,0,,0.0,0.0,0.0,0.0,,,{},F_detail_pending_excluded,True,top100 leaderboard row read; public position/fill detail deferred to deep-dive sessions,fresh_api:leaderboard_only_detail_pending,True
hyperliquid,45,0x48d826da83e69844f2f84b2db50703a933d137a2,,7399750.924116,2870436.911901,0.75919865,54958977.67,0.05222872,5319233.664116,0.90398112,0,0,0,0.0,,0.0,0.0,0.0,0,False,0,,0.0,0.0,0.0,0.0,,,{},F_detail_pending_excluded,True,top100 leaderboard row read; public position/fill detail deferred to deep-dive sessions,fresh_api:leaderboard_only_detail_pending,True
hyperliquid,46,0x123dbca6a27005a3c4ce10cb66ee8ece8fc13bff,,6269982.114142,2835501.425082,0.45480883,27363325.12,0.10362415,25856792.494142,1.41442481,0,0,0,0.0,,0.0,0.0,0.0,0,False,0,,0.0,0.0,0.0,0.0,,,{},F_detail_pending_excluded,True,top100 leaderboard row read; public position/fill detail deferred to deep-dive sessions,fresh_api:leaderboard_only_detail_pending,True
hyperliquid,47,0x4c78a97cef589b01bb91dbf893fffa14243d2444,,11184788.979626,2807062.89863,0.19660434,68997244.69,0.0406837,-3154208.190374,-0.15584805,0,0,0,0.0,,0.0,0.0,0.0,0,False,0,,0.0,0.0,0.0,0.0,,,{},F_detail_pending_excluded,True,top100 leaderboard row read; public position/fill detail deferred to deep-dive sessions,fresh_api:leaderboard_only_detail_pending,True
hyperliquid,48,0xaf0fdd39e5d92499b0ed9f68693da99c0ec1e92e,,13290199.089791,2764874.437262,1.01341341,77573278.42,0.0356421,22853426.399791,4.70201535,0,0,0,0.0,,0.0,0.0,0.0,0,False,0,,0.0,0.0,0.0,0.0,,,{},F_detail_pending_excluded,True,top100 leaderboard row read; public position/fill detail deferred to deep-dive sessions,fresh_api:leaderboard_only_detail_pending,True
hyperliquid,49,0xe867fbdad3291530e41530301ecb77693850c78e,,69436873.847066,2763668.500312,0.89169843,150155768.97,0.01840534,45850661.087066,1.94396029,0,0,0,0.0,,0.0,0.0,0.0,0,False,0,,0.0,0.0,0.0,0.0,,,{},F_detail_pending_excluded,True,top100 leaderboard row read; public position/fill detail deferred to deep-dive sessions,fresh_api:leaderboard_only_detail_pending,True
hyperliquid,50,0xa98143608a6846453c88f29506d64a8b85532e65,,15756244.15455,2762257.072547,1.05419724,11052833.43,0.24991393,-2473669.76545,-0.10139786,0,0,0,0.0,,0.0,0.0,0.0,0,False,0,,0.0,0.0,0.0,0.0,,,{},F_detail_pending_excluded,True,top100 leaderboard row read; public position/fill detail deferred to deep-dive sessions,fresh_api:leaderboard_only_detail_pending,True
hyperliquid,51,0xdcac85ecae7148886029c20e661d848a4de99ce2,,19851041.902432,2741718.62197,0.35271511,1744167202.23,0.00157194,25026612.872432,0.77034002,0,0,0,0.0,,0.0,0.0,0.0,0,False,0,,0.0,0.0,0.0,0.0,,,{},F_detail_pending_excluded,True,top100 leaderboard row read; public position/fill detail deferred to deep-dive sessions,fresh_api:leaderboard_only_detail_pending,True
hyperliquid,52,0x9dcf1c87b82a35519a430457c1157f21e68f302d,,17874999.332342,2702875.702342,0.17814749,201379824.64,0.01342178,2702875.702342,0.17814749,0,0,0,0.0,,0.0,0.0,0.0,0,False,0,,0.0,0.0,0.0,0.0,,,{},F_detail_pending_excluded,True,top100 leaderboard row read; public position/fill detail deferred to deep-dive sessions,fresh_api:leaderboard_only_detail_pending,True
hyperliquid,53,0x57dd78cd36e76e2011e8f6dc25cabbaba994494b,,18341571.690131,2603562.60197,0.0659427,11345200240.550001,0.00022949,-10216924.656574,-0.18769198,0,0,0,0.0,,0.0,0.0,0.0,0,False,0,,0.0,0.0,0.0,0.0,,,{},F_detail_pending_excluded,True,top100 leaderboard row read; public position/fill detail deferred to deep-dive sessions,fresh_api:leaderboard_only_detail_pending,True
hyperliquid,54,0x8cc94dc843e1ea7a19805e0cca43001123512b6a,,5826220.555325,2527406.798036,0.45883527,30769743.37,0.08213935,23076447.905325,1.05487829,0,0,0,0.0,,0.0,0.0,0.0,0,False,0,,0.0,0.0,0.0,0.0,,,{},F_detail_pending_excluded,True,top100 leaderboard row read; public position/fill detail deferred to deep-dive sessions,fresh_api:leaderboard_only_detail_pending,True
hyperliquid,55,0xad227f63d34e7251c1d0ab65e64eeea07aee4e44,,4575350.773054,2462216.072865,1.47131494,303721738.58,0.00810682,3617898.103054,2.11388325,0,0,0,0.0,,0.0,0.0,0.0,0,False,0,,0.0,0.0,0.0,0.0,,,{},F_detail_pending_excluded,True,top100 leaderboard row read; public position/fill detail deferred to deep-dive sessions,fresh_api:leaderboard_only_detail_pending,True
hyperliquid,56,0x6df99d59cdada18ade521e05edd5e6a2ec91b734,,7194910.555875,2442580.128517,0.24504492,18030168.78,0.13547184,9549914.225875,0.46870346,0,0,0,0.0,,0.0,0.0,0.0,0,False,0,,0.0,0.0,0.0,0.0,,,{},F_detail_pending_excluded,True,top100 leaderboard row read; public position/fill detail deferred to deep-dive sessions,fresh_api:leaderboard_only_detail_pending,True
hyperliquid,57,0x007c20e5c339015c924735cf76cb092bc5d9bacc,,5941586.334886,2356579.980079,0.42263045,191887173.96,0.01228107,2021436.264886,0.2180586,0,0,0,0.0,,0.0,0.0,0.0,0,False,0,,0.0,0.0,0.0,0.0,,,{},F_detail_pending_excluded,True,top100 leaderboard row read; public position/fill detail deferred to deep-dive sessions,fresh_api:leaderboard_only_detail_pending,True
hyperliquid,58,0xd8c5228c515db3043dfa0c8cd6f22450ee9a99b0,,18257405.182773,2318027.765257,0.15744507,148126411.76,0.01564898,5714529.392773,0.40037687,0,0,0,0.0,,0.0,0.0,0.0,0,False,0,,0.0,0.0,0.0,0.0,,,{},F_detail_pending_excluded,True,top100 leaderboard row read; public position/fill detail deferred to deep-dive sessions,fresh_api:leaderboard_only_detail_pending,True
hyperliquid,59,0x3b883b85fd41b81ef23b6041248bc6ac0b1c04a7,,2565076.911358,2281686.268322,2.03944427,186533345.58,0.01223206,1116522.404696,0.40520886,0,0,0,0.0,,0.0,0.0,0.0,0,False,0,,0.0,0.0,0.0,0.0,,,{},F_detail_pending_excluded,True,top100 leaderboard row read; public position/fill detail deferred to deep-dive sessions,fresh_api:leaderboard_only_detail_pending,True
hyperliquid,60,0x6bb971430554e3af58fbd469bce46ab2359a2d23,,4578312.056666,2201059.621429,0.80908245,33941438.16,0.06484874,4641055.726666,1.43234417,0,0,0,0.0,,0.0,0.0,0.0,0,False,0,,0.0,0.0,0.0,0.0,,,{},F_detail_pending_excluded,True,top100 leaderboard row read; public position/fill detail deferred to deep-dive sessions,fresh_api:leaderboard_only_detail_pending,True
hyperliquid,61,0x06cecfbac34101ae41c88ebc2450f8602b3d164b,,3381833.220533,2199248.659211,0.67007547,7008188.07,0.31381131,14046164.940533,3.66646205,0,0,0,0.0,,0.0,0.0,0.0,0,False,0,,0.0,0.0,0.0,0.0,,,{},F_detail_pending_excluded,True,top100 leaderboard row read; public position/fill detail deferred to deep-dive sessions,fresh_api:leaderboard_only_detail_pending,True
hyperliquid,62,0xf02d16a272a842f8bac1d9a9e773aba1933454c6,,19712833.910976,2160627.009052,0.74839171,97638178.17,0.02212892,3218476.780976,0.1740248,0,0,0,0.0,,0.0,0.0,0.0,0,False,0,,0.0,0.0,0.0,0.0,,,{},F_detail_pending_excluded,True,top100 leaderboard row read; public position/fill detail deferred to deep-dive sessions,fresh_api:leaderboard_only_detail_pending,True
hyperliquid,63,0x4f7634c03ec4e87e14725c84913ade523c6fad5a,,4229390.854109,2159977.830301,0.30855087,43832164.06,0.04927838,42553169.964109,1.42437211,0,0,0,0.0,,0.0,0.0,0.0,0,False,0,,0.0,0.0,0.0,0.0,,,{},F_detail_pending_excluded,True,top100 leaderboard row read; public position/fill detail deferred to deep-dive sessions,fresh_api:leaderboard_only_detail_pending,True
hyperliquid,64,0xa445a0a15b1d50fa0c4bfe6796d9447e0da5329d,,13903186.864606,2150803.787442,0.33368485,1042795091.11,0.00206254,7818759.444606,0.88180586,0,0,0,0.0,,0.0,0.0,0.0,0,False,0,,0.0,0.0,0.0,0.0,,,{},F_detail_pending_excluded,True,top100 leaderboard row read; public position/fill detail deferred to deep-dive sessions,fresh_api:leaderboard_only_detail_pending,True
hyperliquid,65,0x7945772aa99d08bf90e91ff1e8e77d3c11c2a7e6,,222.4589,2124385.54,2.1260103,455099220.02,0.00466796,1885575.67,1.52302598,0,0,0,0.0,,0.0,0.0,0.0,0,False,0,,0.0,0.0,0.0,0.0,,,{},F_detail_pending_excluded,True,top100 leaderboard row read; public position/fill detail deferred to deep-dive sessions,fresh_api:leaderboard_only_detail_pending,True
hyperliquid,66,0xd67ca2c6f8bc84acf4fa4472b82a8740dc0a53ff,,3274377.693959,2119435.985936,1.47869671,404127505.51,0.00524447,2987703.313959,1.93952601,0,0,0,0.0,,0.0,0.0,0.0,0,False,0,,0.0,0.0,0.0,0.0,,,{},F_detail_pending_excluded,True,top100 leaderboard row read; public position/fill detail deferred to deep-dive sessions,fresh_api:leaderboard_only_detail_pending,True
hyperliquid,67,0xd3cb1823da2ff584dec3f49ef6a3eea51471e5bc,,7959927.795597,2082900.41078,0.289535,0.0,0.0,9803386.275597,2.4816945,0,0,0,0.0,,0.0,0.0,0.0,0,False,0,,0.0,0.0,0.0,0.0,,,{},F_detail_pending_excluded,True,top100 leaderboard row read; public position/fill detail deferred to deep-dive sessions,fresh_api:leaderboard_only_detail_pending,True
hyperliquid,68,0xdfd526409007db0d524a62dedaaba7706736d88e,,23067085.73635,2034234.325394,0.33201582,43338625.65,0.04693814,-1598451.55365,-0.03694336,0,0,0,0.0,,0.0,0.0,0.0,0,False,0,,0.0,0.0,0.0,0.0,,,{},F_detail_pending_excluded,True,top100 leaderboard row read; public position/fill detail deferred to deep-dive sessions,fresh_api:leaderboard_only_detail_pending,True
hyperliquid,69,0xc926ddba8b7617dbc65712f20cf8e1b58b8598d3,,12576641.45288,1987710.151105,0.44455994,5940696603.41,0.00033459,10897714.94288,0.959519,0,0,0,0.0,,0.0,0.0,0.0,0,False,0,,0.0,0.0,0.0,0.0,,,{},F_detail_pending_excluded,True,top100 leaderboard row read; public position/fill detail deferred to deep-dive sessions,fresh_api:leaderboard_only_detail_pending,True
hyperliquid,70,0x525232cb6ed5030d2b052b36bfc0baec96986ee3,z3ro2,7933034.014759,1982531.381198,0.96604235,93352608.12,0.02123702,-4359218.495241,-0.35405532,0,0,0,0.0,,0.0,0.0,0.0,0,False,0,,0.0,0.0,0.0,0.0,,,{},F_detail_pending_excluded,True,top100 leaderboard row read; public position/fill detail deferred to deep-dive sessions,fresh_api:leaderboard_only_detail_pending,True
hyperliquid,71,0xc6758a779bccee1ef0190dbe8292fdf44076795d,,2135664.753381,1967629.584977,0.82944796,29970387.01,0.06565246,4857063.033381,13.55597054,0,0,0,0.0,,0.0,0.0,0.0,0,False,0,,0.0,0.0,0.0,0.0,,,{},F_detail_pending_excluded,True,top100 leaderboard row read; public position/fill detail deferred to deep-dive sessions,fresh_api:leaderboard_only_detail_pending,True
hyperliquid,72,0xae6446c95cc4e455e9cf56f28757ab728d88e81e,,11008404.676988,1942699.824439,0.1828961,745912865.01,0.00260446,4824864.286988,0.42239329,0,0,0,0.0,,0.0,0.0,0.0,0,False,0,,0.0,0.0,0.0,0.0,,,{},F_detail_pending_excluded,True,top100 leaderboard row read; public position/fill detail deferred to deep-dive sessions,fresh_api:leaderboard_only_detail_pending,True
hyperliquid,73,0xa6ee1ed1ae80b8352603654b39f5e7b9bedd5078,,4656267.309009,1937474.081263,1.25430774,2343623618.94,0.0008267,1718719.799009,0.27049495,0,0,0,0.0,,0.0,0.0,0.0,0,False,0,,0.0,0.0,0.0,0.0,,,{},F_detail_pending_excluded,True,top100 leaderboard row read; public position/fill detail deferred to deep-dive sessions,fresh_api:leaderboard_only_detail_pending,True
hyperliquid,74,0x577ae91c7b74f04ddb3a5b399ded8318e9895fd2,,165.770962,1931247.756397,0.14585495,86157373.71,0.02241535,11049646.16,2.68051632,0,0,0,0.0,,0.0,0.0,0.0,0,False,0,,0.0,0.0,0.0,0.0,,,{},F_detail_pending_excluded,True,top100 leaderboard row read; public position/fill detail deferred to deep-dive sessions,fresh_api:leaderboard_only_detail_pending,True
hyperliquid,75,0x66f889094739dbb7d20aa60f645acd88feba75a9,,1547590.385216,1904580.889851,0.5674066,384776920.44,0.00494983,-425178.684784,-0.07118619,0,0,0,0.0,,0.0,0.0,0.0,0,False,0,,0.0,0.0,0.0,0.0,,,{},F_detail_pending_excluded,True,top100 leaderboard row read; public position/fill detail deferred to deep-dive sessions,fresh_api:leaderboard_only_detail_pending,True
hyperliquid,76,0x5559da6ec434c5723d0ce9c4da7f29e3f8a3d43b,,7172635.671041,1859942.778075,0.35008759,0.0,0.0,9571336.321041,3.36363847,0,0,0,0.0,,0.0,0.0,0.0,0,False,0,,0.0,0.0,0.0,0.0,,,{},F_detail_pending_excluded,True,top100 leaderboard row read; public position/fill detail deferred to deep-dive sessions,fresh_api:leaderboard_only_detail_pending,True
hyperliquid,77,0x49e96e255ba418d08e66c35b588e2f2f3766e1d0,,28042816.801597,1849558.167379,0.08383621,1411565194.14,0.00131029,5023152.821597,0.1603532,0,0,0,0.0,,0.0,0.0,0.0,0,False,0,,0.0,0.0,0.0,0.0,,,{},F_detail_pending_excluded,True,top100 leaderboard row read; public position/fill detail deferred to deep-dive sessions,fresh_api:leaderboard_only_detail_pending,True
hyperliquid,78,0xa87a233e8a7d8951ff790a2e39738086cb5f71b7,,21547690.600022,1833976.921859,1.00972076,82578.43,22.20891002,40518439.820022,1.28535315,0,0,0,0.0,,0.0,0.0,0.0,0,False,0,,0.0,0.0,0.0,0.0,,,{},F_detail_pending_excluded,True,top100 leaderboard row read; public position/fill detail deferred to deep-dive sessions,fresh_api:leaderboard_only_detail_pending,True
hyperliquid,79,0x350e33a777d510616fbdb483d1de3b50d1edfcfb,,4084652.473689,1825925.319542,1.43696421,355160139.04,0.00514113,15636152.153689,115.97557788,0,0,0,0.0,,0.0,0.0,0.0,0,False,0,,0.0,0.0,0.0,0.0,,,{},F_detail_pending_excluded,True,top100 leaderboard row read; public position/fill detail deferred to deep-dive sessions,fresh_api:leaderboard_only_detail_pending,True
hyperliquid,80,0x51f63885534cb494f4592a0311551f369bff2b39,,4165725.886402,1710394.372227,0.3020842,138930109.36,0.01231119,-1708833.273598,-0.18817249,0,0,0,0.0,,0.0,0.0,0.0,0,False,0,,0.0,0.0,0.0,0.0,,,{},F_detail_pending_excluded,True,top100 leaderboard row read; public position/fill detail deferred to deep-dive sessions,fresh_api:leaderboard_only_detail_pending,True
hyperliquid,81,0x7717a7a245d9f950e586822b8c9b46863ed7bd7e,,6412981.908482,1698814.60588,0.21342259,1237047663.05,0.00137328,23002877.368482,1.12726655,0,0,0,0.0,,0.0,0.0,0.0,0,False,0,,0.0,0.0,0.0,0.0,,,{},F_detail_pending_excluded,True,top100 leaderboard row read; public position/fill detail deferred to deep-dive sessions,fresh_api:leaderboard_only_detail_pending,True
hyperliquid,82,0x3440f23a87f1950e7a88cd248fd270e92d1132c5,,2925204.633292,1698085.003358,0.85886425,68541522.3,0.02477454,4096877.463292,0.39415533,0,0,0,0.0,,0.0,0.0,0.0,0,False,0,,0.0,0.0,0.0,0.0,,,{},F_detail_pending_excluded,True,top100 leaderboard row read; public position/fill detail deferred to deep-dive sessions,fresh_api:leaderboard_only_detail_pending,True
hyperliquid,83,0x2d23b731e5f04996a2dfdbe434c7d922afdb5e00,thank you JEFF,7838593.121378,1697772.159611,0.28678647,240921095.93,0.007047,20699228.051378,3.12547724,0,0,0,0.0,,0.0,0.0,0.0,0,False,0,,0.0,0.0,0.0,0.0,,,{},F_detail_pending_excluded,True,top100 leaderboard row read; public position/fill detail deferred to deep-dive sessions,fresh_api:leaderboard_only_detail_pending,True
hyperliquid,84,0xdf9ea6ec3b7109935ccb4fb267e15ac1fb077ab1,,3290438.474753,1661629.807927,0.33336426,15836028405.440004,0.00010493,7970234.614753,0.38814968,0,0,0,0.0,,0.0,0.0,0.0,0,False,0,,0.0,0.0,0.0,0.0,,,{},F_detail_pending_excluded,True,top100 leaderboard row read; public position/fill detail deferred to deep-dive sessions,fresh_api:leaderboard_only_detail_pending,True
hyperliquid,85,0x9cc53c5af67fb83a16cc41f61e242bade875ab3d,,2010589.168587,1653339.929154,0.57660915,823595591.57,0.00200747,1745282.188587,0.58316393,0,0,0,0.0,,0.0,0.0,0.0,0,False,0,,0.0,0.0,0.0,0.0,,,{},F_detail_pending_excluded,True,top100 leaderboard row read; public position/fill detail deferred to deep-dive sessions,fresh_api:leaderboard_only_detail_pending,True
hyperliquid,86,0xaeaab54bbf65bfd6efed7d2eb68372298e3c2416,,9100604.189142,1652218.559142,0.22182237,510670075.61,0.00323539,1652218.559142,0.22182237,0,0,0,0.0,,0.0,0.0,0.0,0,False,0,,0.0,0.0,0.0,0.0,,,{},F_detail_pending_excluded,True,top100 leaderboard row read; public position/fill detail deferred to deep-dive sessions,fresh_api:leaderboard_only_detail_pending,True
hyperliquid,87,0x91a9cadcd7e36cbe8ff604cb634307d7b7643f70,,4996422.172562,1633000.986549,0.91030205,2912074.47,0.56076897,1696403.172562,0.26934684,0,0,0,0.0,,0.0,0.0,0.0,0,False,0,,0.0,0.0,0.0,0.0,,,{},F_detail_pending_excluded,True,top100 leaderboard row read; public position/fill detail deferred to deep-dive sessions,fresh_api:leaderboard_only_detail_pending,True
hyperliquid,88,0xc7290b4b308431a985fa9e3e8a335c2f7650517c,,2204840.514419,1578940.295847,0.34087987,7990659.07,0.19759826,6279999.724419,2.15792005,0,0,0,0.0,,0.0,0.0,0.0,0,False,0,,0.0,0.0,0.0,0.0,,,{},F_detail_pending_excluded,True,top100 leaderboard row read; public position/fill detail deferred to deep-dive sessions,fresh_api:leaderboard_only_detail_pending,True
hyperliquid,89,0x71dfc07de32c2ebf1c4801f4b1c9e40b76d4a23d,VidaBWE,7643028.131554,1514257.096784,0.46326846,5804071.55,0.26089566,15040317.071554,2.18645833,0,0,0,0.0,,0.0,0.0,0.0,0,False,0,,0.0,0.0,0.0,0.0,,,{},F_detail_pending_excluded,True,top100 leaderboard row read; public position/fill detail deferred to deep-dive sessions,fresh_api:leaderboard_only_detail_pending,True
hyperliquid,90,0xebe837cd345469cbc5d6e1fd3d15ee5079ac885f,,11477177.703498,1507253.476329,0.15117548,201321524.55,0.0074868,-3533474.09,-0.18626598,0,0,0,0.0,,0.0,0.0,0.0,0,False,0,,0.0,0.0,0.0,0.0,,,{},F_detail_pending_excluded,True,top100 leaderboard row read; public position/fill detail deferred to deep-dive sessions,fresh_api:leaderboard_only_detail_pending,True
hyperliquid,91,0x404ca2035b37bf2e83505134ebcf8d03babb5f03,,1175732.200293,1484898.370079,1.53476236,3688069.66,0.40262211,7007898.080293,4.01061521,0,0,0,0.0,,0.0,0.0,0.0,0,False,0,,0.0,0.0,0.0,0.0,,,{},F_detail_pending_excluded,True,top100 leaderboard row read; public position/fill detail deferred to deep-dive sessions,fresh_api:leaderboard_only_detail_pending,True
hyperliquid,92,0x418aa6bf98a2b2bc93779f810330d88cde488888,,4900372.864367,1484460.675661,1.79072544,106273157.06,0.01396835,35555312.504367,2.53717514,0,0,0,0.0,,0.0,0.0,0.0,0,False,0,,0.0,0.0,0.0,0.0,,,{},F_detail_pending_excluded,True,top100 leaderboard row read; public position/fill detail deferred to deep-dive sessions,fresh_api:leaderboard_only_detail_pending,True
hyperliquid,93,0xa8cde6a19789e4d7964ce0e3da14aa29291d7275,,4812156.861469,1461028.128201,0.57509371,130088097.16,0.01123107,-4550087.582655,-0.53207316,0,0,0,0.0,,0.0,0.0,0.0,0,False,0,,0.0,0.0,0.0,0.0,,,{},F_detail_pending_excluded,True,top100 leaderboard row read; public position/fill detail deferred to deep-dive sessions,fresh_api:leaderboard_only_detail_pending,True
hyperliquid,94,0x6355f7cf36b24044cd5b089a845113327d0ee58e,,13933820.364303,1457417.154622,0.03695789,1228967866.28,0.00118589,7163035.544303,0.17935884,0,0,0,0.0,,0.0,0.0,0.0,0,False,0,,0.0,0.0,0.0,0.0,,,{},F_detail_pending_excluded,True,top100 leaderboard row read; public position/fill detail deferred to deep-dive sessions,fresh_api:leaderboard_only_detail_pending,True
hyperliquid,95,0x484bc1608211d0604bf70bae72792a56884562f8,,19083710.192591,1457346.634245,0.18223394,43209249.94,0.03372765,3995135.852591,0.20446138,0,0,0,0.0,,0.0,0.0,0.0,0,False,0,,0.0,0.0,0.0,0.0,,,{},F_detail_pending_excluded,True,top100 leaderboard row read; public position/fill detail deferred to deep-dive sessions,fresh_api:leaderboard_only_detail_pending,True
hyperliquid,96,0xa65ce1d604fa901c13aa29f2126a57d9032e412b,,11930927.968093,1449004.325668,0.13832445,21452450.33,0.06754493,9192084.568093,1.32121788,0,0,0,0.0,,0.0,0.0,0.0,0,False,0,,0.0,0.0,0.0,0.0,,,{},F_detail_pending_excluded,True,top100 leaderboard row read; public position/fill detail deferred to deep-dive sessions,fresh_api:leaderboard_only_detail_pending,True
hyperliquid,97,0x4cd80aa0ce4881eb8679eda1f6fbe3d89aec0f7f,,2181684.227966,1429535.190085,0.99832324,11918506.86,0.11994247,2084504.926132,0.64198516,0,0,0,0.0,,0.0,0.0,0.0,0,False,0,,0.0,0.0,0.0,0.0,,,{},F_detail_pending_excluded,True,top100 leaderboard row read; public position/fill detail deferred to deep-dive sessions,fresh_api:leaderboard_only_detail_pending,True
hyperliquid,98,0x7839e2f2c375dd2935193f2736167514efff9916,,12601018.872839,1426659.724691,0.20888712,26809434231.780006,5.321e-05,17077677.652839,2.14229757,0,0,0,0.0,,0.0,0.0,0.0,0,False,0,,0.0,0.0,0.0,0.0,,,{},F_detail_pending_excluded,True,top100 leaderboard row read; public position/fill detail deferred to deep-dive sessions,fresh_api:leaderboard_only_detail_pending,True
hyperliquid,99,0x1f793d9f0368c1da329cb112212d81d521e7a9b8,,3834713.936107,1417278.938851,1.33304372,1745092.7,0.81215109,4409859.486107,0.57448369,0,0,0,0.0,,0.0,0.0,0.0,0,False,0,,0.0,0.0,0.0,0.0,,,{},F_detail_pending_excluded,True,top100 leaderboard row read; public position/fill detail deferred to deep-dive sessions,fresh_api:leaderboard_only_detail_pending,True
hyperliquid,100,0x4a96036fb1529561fa3eeeb2781fad2d4f25500e,,3004686.941754,1408404.462436,0.79013632,11913237.36,0.11822181,13849884.741754,2.77546633,0,0,0,0.0,,0.0,0.0,0.0,0,False,0,,0.0,0.0,0.0,0.0,,,{},F_detail_pending_excluded,True,top100 leaderboard row read; public position/fill detail deferred to deep-dive sessions,fresh_api:leaderboard_only_detail_pending,True
